survived,pclass,age,sibsp,parch,fare,adult_male,alive,alone,sex_male,embarked_Q,embarked_S,class_Second,class_Third,who_man,who_woman,embark_town_Queenstown,embark_town_Southampton
0,3,-0.565736461,1,0,-0.502445171,TRUE,no,FALSE,TRUE,FALSE,TRUE,FALSE,TRUE,TRUE,FALSE,FALSE,TRUE
1,1,0.663861032,1,0,0.786845294,FALSE,yes,FALSE,FALSE,FALSE,FALSE,FALSE,FALSE,FALSE,TRUE,FALSE,FALSE
1,3,-0.258337088,0,0,-0.488854258,FALSE,yes,TRUE,FALSE,FALSE,TRUE,FALSE,TRUE,FALSE,TRUE,FALSE,TRUE
1,1,0.433311502,1,0,0.420730236,FALSE,yes,FALSE,FALSE,FALSE,TRUE,FALSE,FALSE,FALSE,TRUE,FALSE,TRUE
0,3,0.433311502,0,0,-0.486337422,TRUE,no,TRUE,TRUE,FALSE,TRUE,FALSE,TRUE,TRUE,FALSE,FALSE,TRUE
0,3,-0.104637401,0,0,-0.478116429,TRUE,no,TRUE,TRUE,TRUE,FALSE,FALSE,TRUE,TRUE,FALSE,TRUE,FALSE
0,1,1.893458525,0,0,0.395813561,TRUE,no,TRUE,TRUE,FALSE,TRUE,FALSE,FALSE,TRUE,FALSE,FALSE,TRUE
0,3,-2.102733328,3,1,-0.224083121,FALSE,no,FALSE,TRUE,FALSE,TRUE,FALSE,TRUE,FALSE,FALSE,FALSE,TRUE
1,3,-0.181487244,0,2,-0.424256141,FALSE,yes,FALSE,FALSE,FALSE,TRUE,FALSE,TRUE,FALSE,TRUE,FALSE,TRUE
1,2,-1.180535208,1,0,-0.042955502,FALSE,yes,FALSE,FALSE,FALSE,FALSE,TRUE,FALSE,FALSE,FALSE,FALSE,FALSE
1,3,-1.949033641,1,1,-0.312172378,FALSE,yes,FALSE,FALSE,FALSE,TRUE,FALSE,TRUE,FALSE,FALSE,FALSE,TRUE
1,1,2.200857898,0,0,-0.113845709,FALSE,yes,TRUE,FALSE,FALSE,TRUE,FALSE,FALSE,FALSE,TRUE,FALSE,TRUE
0,3,-0.719436148,0,0,-0.486337422,TRUE,no,TRUE,TRUE,FALSE,TRUE,FALSE,TRUE,TRUE,FALSE,FALSE,TRUE
0,3,0.740710875,1,5,-0.018709312,TRUE,no,FALSE,TRUE,FALSE,TRUE,FALSE,TRUE,TRUE,FALSE,FALSE,TRUE
0,3,-1.180535208,0,0,-0.490279793,FALSE,no,TRUE,FALSE,FALSE,TRUE,FALSE,TRUE,FALSE,FALSE,FALSE,TRUE
1,2,1.970308369,0,0,-0.326266659,FALSE,yes,TRUE,FALSE,FALSE,TRUE,TRUE,FALSE,FALSE,TRUE,FALSE,TRUE
0,3,-2.102733328,4,1,-0.061998889,FALSE,no,FALSE,TRUE,TRUE,FALSE,FALSE,TRUE,FALSE,FALSE,TRUE,FALSE
1,2,-0.104637401,0,0,-0.38667072,TRUE,yes,TRUE,TRUE,FALSE,TRUE,TRUE,FALSE,TRUE,FALSE,FALSE,TRUE
0,3,0.125912129,1,0,-0.285997284,FALSE,no,FALSE,FALSE,FALSE,TRUE,FALSE,TRUE,FALSE,TRUE,FALSE,TRUE
1,3,-0.104637401,0,0,-0.502948539,FALSE,yes,TRUE,FALSE,FALSE,FALSE,FALSE,TRUE,FALSE,TRUE,FALSE,FALSE
0,2,0.433311502,0,0,-0.124919787,TRUE,no,TRUE,TRUE,FALSE,TRUE,TRUE,FALSE,TRUE,FALSE,FALSE,TRUE
1,2,0.356461659,0,0,-0.38667072,TRUE,yes,TRUE,TRUE,FALSE,TRUE,TRUE,FALSE,TRUE,FALSE,FALSE,TRUE
1,3,-1.103685364,0,0,-0.486756223,FALSE,yes,TRUE,FALSE,TRUE,FALSE,FALSE,TRUE,FALSE,FALSE,TRUE,FALSE
1,1,-0.104637401,0,0,0.066359742,TRUE,yes,TRUE,TRUE,FALSE,TRUE,FALSE,FALSE,TRUE,FALSE,FALSE,TRUE
0,3,-1.641634268,3,1,-0.224083121,FALSE,no,FALSE,FALSE,FALSE,TRUE,FALSE,TRUE,FALSE,FALSE,FALSE,TRUE
1,3,0.663861032,1,5,-0.016444159,FALSE,yes,FALSE,FALSE,FALSE,TRUE,FALSE,TRUE,FALSE,TRUE,FALSE,TRUE
0,3,-0.104637401,0,0,-0.502948539,TRUE,no,TRUE,TRUE,FALSE,FALSE,FALSE,TRUE,TRUE,FALSE,FALSE,FALSE
0,1,-0.796285991,3,2,4.647001077,TRUE,no,FALSE,TRUE,FALSE,TRUE,FALSE,FALSE,TRUE,FALSE,FALSE,TRUE
1,3,-0.104637401,0,0,-0.489776426,FALSE,yes,TRUE,FALSE,TRUE,FALSE,FALSE,TRUE,FALSE,TRUE,TRUE,FALSE
0,3,-0.104637401,0,0,-0.48944219,TRUE,no,TRUE,TRUE,FALSE,TRUE,FALSE,TRUE,TRUE,FALSE,FALSE,TRUE
0,1,0.817560719,0,0,-0.090272017,TRUE,no,TRUE,TRUE,FALSE,FALSE,FALSE,FALSE,TRUE,FALSE,FALSE,FALSE
1,1,-0.104637401,1,0,2.301728821,FALSE,yes,FALSE,FALSE,FALSE,FALSE,FALSE,FALSE,FALSE,TRUE,FALSE,FALSE
1,3,-0.104637401,0,0,-0.492377828,FALSE,yes,TRUE,FALSE,TRUE,FALSE,FALSE,TRUE,FALSE,TRUE,TRUE,FALSE
0,2,2.815656645,0,0,-0.437007438,TRUE,no,TRUE,TRUE,FALSE,TRUE,TRUE,FALSE,TRUE,FALSE,FALSE,TRUE
0,1,-0.104637401,1,0,1.0060617,TRUE,no,FALSE,TRUE,FALSE,FALSE,FALSE,FALSE,TRUE,FALSE,FALSE,FALSE
0,1,0.971260405,1,0,0.39858208,TRUE,no,FALSE,TRUE,FALSE,TRUE,FALSE,FALSE,TRUE,FALSE,FALSE,TRUE
1,3,-0.104637401,0,0,-0.502863973,TRUE,yes,TRUE,TRUE,FALSE,FALSE,FALSE,TRUE,TRUE,FALSE,FALSE,FALSE
0,3,-0.642586304,0,0,-0.486337422,TRUE,no,TRUE,TRUE,FALSE,TRUE,FALSE,TRUE,TRUE,FALSE,FALSE,TRUE
0,3,-0.873135834,2,0,-0.285997284,FALSE,no,FALSE,FALSE,FALSE,TRUE,FALSE,TRUE,FALSE,TRUE,FALSE,TRUE
1,3,-1.180535208,1,0,-0.422073541,FALSE,yes,FALSE,FALSE,FALSE,FALSE,FALSE,TRUE,FALSE,FALSE,FALSE,FALSE
0,3,0.817560719,1,0,-0.457645492,FALSE,no,FALSE,FALSE,FALSE,TRUE,FALSE,TRUE,FALSE,TRUE,FALSE,TRUE
0,2,-0.181487244,1,0,-0.225593223,FALSE,no,FALSE,FALSE,FALSE,TRUE,TRUE,FALSE,FALSE,TRUE,FALSE,TRUE
0,3,-0.104637401,0,0,-0.48944219,TRUE,no,TRUE,TRUE,FALSE,FALSE,FALSE,TRUE,TRUE,FALSE,FALSE,FALSE
1,2,-2.025883484,1,2,0.188762532,FALSE,yes,FALSE,FALSE,FALSE,FALSE,TRUE,FALSE,FALSE,FALSE,FALSE,FALSE
1,3,-0.796285991,0,0,-0.489776426,FALSE,yes,TRUE,FALSE,TRUE,FALSE,FALSE,TRUE,FALSE,TRUE,TRUE,FALSE
0,3,-0.104637401,0,0,-0.486337422,TRUE,no,TRUE,TRUE,FALSE,TRUE,FALSE,TRUE,TRUE,FALSE,FALSE,TRUE
0,3,-0.104637401,1,0,-0.336334002,TRUE,no,FALSE,TRUE,TRUE,FALSE,FALSE,TRUE,TRUE,FALSE,TRUE,FALSE
1,3,-0.104637401,0,0,-0.492377828,FALSE,yes,TRUE,FALSE,TRUE,FALSE,FALSE,TRUE,FALSE,TRUE,TRUE,FALSE
0,3,-0.104637401,2,0,-0.211917743,TRUE,no,FALSE,TRUE,FALSE,FALSE,FALSE,TRUE,TRUE,FALSE,FALSE,FALSE
0,3,-0.873135834,1,0,-0.290024222,FALSE,no,FALSE,FALSE,FALSE,TRUE,FALSE,TRUE,FALSE,TRUE,FALSE,TRUE
0,3,-1.718484111,4,1,0.150673744,FALSE,no,FALSE,TRUE,FALSE,TRUE,FALSE,TRUE,FALSE,FALSE,FALSE,TRUE
0,3,-0.642586304,0,0,-0.491371093,TRUE,no,TRUE,TRUE,FALSE,TRUE,FALSE,TRUE,TRUE,FALSE,FALSE,TRUE
1,1,1.509209309,1,0,0.896496787,FALSE,yes,FALSE,FALSE,FALSE,FALSE,FALSE,FALSE,FALSE,TRUE,FALSE,FALSE
1,2,-0.027787558,1,0,-0.124919787,FALSE,yes,FALSE,FALSE,FALSE,TRUE,TRUE,FALSE,FALSE,TRUE,FALSE,TRUE
0,1,2.738806802,0,1,0.599510151,TRUE,no,FALSE,TRUE,FALSE,FALSE,FALSE,FALSE,TRUE,FALSE,FALSE,FALSE
1,1,-0.104637401,0,0,0.066359742,TRUE,yes,TRUE,TRUE,FALSE,TRUE,FALSE,FALSE,TRUE,FALSE,FALSE,TRUE
1,2,-0.642586304,0,0,-0.437007438,FALSE,yes,TRUE,FALSE,FALSE,TRUE,TRUE,FALSE,FALSE,TRUE,FALSE,TRUE
0,3,-0.066212479,0,0,-0.502863973,TRUE,no,TRUE,TRUE,FALSE,FALSE,FALSE,TRUE,TRUE,FALSE,FALSE,FALSE
1,2,-1.872183798,1,2,-0.089684084,FALSE,yes,FALSE,FALSE,FALSE,TRUE,TRUE,FALSE,FALSE,FALSE,FALSE,TRUE
0,3,-1.411084738,5,2,0.295895176,FALSE,no,FALSE,TRUE,FALSE,TRUE,FALSE,TRUE,FALSE,FALSE,FALSE,TRUE
0,3,-0.565736461,0,0,-0.502863973,TRUE,no,TRUE,TRUE,FALSE,FALSE,FALSE,TRUE,TRUE,FALSE,FALSE,FALSE
1,1,0.663861032,0,0,0.962353321,FALSE,yes,TRUE,FALSE,FALSE,TRUE,FALSE,FALSE,FALSE,TRUE,FALSE,TRUE
0,1,1.201809935,1,0,1.032321359,TRUE,no,FALSE,TRUE,FALSE,TRUE,FALSE,FALSE,TRUE,FALSE,FALSE,TRUE
0,3,-1.949033641,3,2,-0.086663881,FALSE,no,FALSE,TRUE,FALSE,TRUE,FALSE,TRUE,FALSE,FALSE,FALSE,TRUE
0,1,-0.104637401,0,0,-0.090272017,TRUE,no,TRUE,TRUE,FALSE,FALSE,FALSE,FALSE,TRUE,FALSE,FALSE,FALSE
1,3,-0.104637401,1,1,-0.34145224,TRUE,yes,FALSE,TRUE,FALSE,FALSE,FALSE,TRUE,TRUE,FALSE,FALSE,FALSE
1,2,-0.027787558,0,0,-0.437007438,FALSE,yes,TRUE,FALSE,FALSE,TRUE,TRUE,FALSE,FALSE,TRUE,FALSE,TRUE
0,3,-0.796285991,0,0,-0.484156835,TRUE,no,TRUE,TRUE,FALSE,TRUE,FALSE,TRUE,TRUE,FALSE,FALSE,TRUE
1,3,-0.949985678,4,2,-0.488854258,FALSE,yes,FALSE,FALSE,FALSE,TRUE,FALSE,TRUE,FALSE,TRUE,FALSE,TRUE
0,3,-0.258337088,2,0,-0.474004926,TRUE,no,FALSE,TRUE,FALSE,TRUE,FALSE,TRUE,TRUE,FALSE,FALSE,TRUE
0,2,0.202761972,0,0,-0.437007438,TRUE,no,TRUE,TRUE,FALSE,TRUE,TRUE,FALSE,TRUE,FALSE,FALSE,TRUE
0,3,-1.026835521,5,2,0.295895176,FALSE,no,FALSE,FALSE,FALSE,TRUE,FALSE,TRUE,FALSE,TRUE,FALSE,TRUE
0,2,-0.642586304,0,0,0.831477855,TRUE,no,TRUE,TRUE,FALSE,TRUE,TRUE,FALSE,TRUE,FALSE,FALSE,TRUE
0,3,-0.258337088,1,0,-0.357390858,TRUE,no,FALSE,TRUE,FALSE,FALSE,FALSE,TRUE,TRUE,FALSE,FALSE,FALSE
1,3,0.202761972,0,0,0.489103607,TRUE,yes,TRUE,TRUE,FALSE,TRUE,FALSE,TRUE,TRUE,FALSE,FALSE,TRUE
0,3,-0.335186931,0,0,-0.494391297,TRUE,no,TRUE,TRUE,FALSE,TRUE,FALSE,TRUE,TRUE,FALSE,FALSE,TRUE
0,3,-0.104637401,0,0,-0.48944219,TRUE,no,TRUE,TRUE,FALSE,TRUE,FALSE,TRUE,TRUE,FALSE,FALSE,TRUE
0,3,-0.104637401,0,0,-0.486337422,TRUE,no,TRUE,TRUE,FALSE,TRUE,FALSE,TRUE,TRUE,FALSE,FALSE,TRUE
1,2,-2.192647644,0,2,-0.064515725,FALSE,yes,FALSE,TRUE,FALSE,TRUE,TRUE,FALSE,FALSE,FALSE,FALSE,TRUE
1,3,0.049062285,0,0,-0.397241431,FALSE,yes,TRUE,FALSE,FALSE,TRUE,FALSE,TRUE,FALSE,TRUE,FALSE,TRUE
0,3,-0.565736461,0,0,-0.467209469,TRUE,no,TRUE,TRUE,FALSE,TRUE,FALSE,TRUE,TRUE,FALSE,FALSE,TRUE
1,3,-0.027787558,0,0,-0.457142125,TRUE,yes,TRUE,TRUE,FALSE,TRUE,FALSE,TRUE,TRUE,FALSE,FALSE,TRUE
1,3,-0.104637401,0,0,-0.491622777,FALSE,yes,TRUE,FALSE,TRUE,FALSE,FALSE,TRUE,FALSE,TRUE,TRUE,FALSE
0,1,-0.104637401,0,0,0.299922113,TRUE,no,TRUE,TRUE,FALSE,TRUE,FALSE,FALSE,TRUE,FALSE,FALSE,TRUE
1,2,-0.949985678,0,0,-0.437007438,FALSE,yes,TRUE,FALSE,FALSE,TRUE,TRUE,FALSE,FALSE,TRUE,FALSE,TRUE
1,3,0.279611815,3,0,-0.329286862,FALSE,yes,FALSE,FALSE,FALSE,TRUE,FALSE,TRUE,FALSE,TRUE,FALSE,TRUE
0,3,-1.026835521,1,3,0.043708218,TRUE,no,FALSE,TRUE,FALSE,TRUE,FALSE,TRUE,TRUE,FALSE,FALSE,TRUE
0,3,-0.104637401,0,0,-0.486337422,TRUE,no,TRUE,TRUE,FALSE,TRUE,FALSE,TRUE,TRUE,FALSE,FALSE,TRUE
1,1,-0.488886618,3,2,4.647001077,FALSE,yes,FALSE,FALSE,FALSE,TRUE,FALSE,FALSE,FALSE,TRUE,FALSE,TRUE
0,3,-0.412036774,0,0,-0.486337422,TRUE,no,TRUE,TRUE,FALSE,TRUE,FALSE,TRUE,TRUE,FALSE,FALSE,TRUE
0,3,-0.027787558,0,0,-0.486337422,TRUE,no,TRUE,TRUE,FALSE,TRUE,FALSE,TRUE,TRUE,FALSE,FALSE,TRUE
0,3,-0.719436148,0,0,-0.490279793,TRUE,no,TRUE,TRUE,FALSE,TRUE,FALSE,TRUE,TRUE,FALSE,FALSE,TRUE
0,1,1.278659779,1,0,0.583317835,TRUE,no,FALSE,TRUE,FALSE,TRUE,FALSE,FALSE,TRUE,FALSE,FALSE,TRUE
0,3,-0.258337088,1,2,-0.234150465,TRUE,no,FALSE,TRUE,FALSE,TRUE,FALSE,TRUE,TRUE,FALSE,FALSE,TRUE
0,3,2.277707742,0,0,-0.502445171,TRUE,no,TRUE,TRUE,FALSE,TRUE,FALSE,TRUE,TRUE,FALSE,FALSE,TRUE
0,3,-0.104637401,0,0,-0.486337422,TRUE,no,TRUE,TRUE,FALSE,TRUE,FALSE,TRUE,TRUE,FALSE,FALSE,TRUE
0,1,3.199905862,0,0,0.049329823,TRUE,no,TRUE,TRUE,FALSE,FALSE,FALSE,FALSE,TRUE,FALSE,FALSE,FALSE
1,1,-0.488886618,0,1,0.627277898,TRUE,yes,FALSE,TRUE,FALSE,FALSE,FALSE,FALSE,TRUE,FALSE,FALSE,FALSE
1,2,0.356461659,0,1,-0.185323848,FALSE,yes,FALSE,FALSE,FALSE,TRUE,TRUE,FALSE,FALSE,TRUE,FALSE,TRUE
0,2,0.356461659,1,0,-0.124919787,TRUE,no,FALSE,TRUE,FALSE,TRUE,TRUE,FALSE,TRUE,FALSE,FALSE,TRUE
0,3,-0.104637401,0,0,-0.48944219,FALSE,no,TRUE,FALSE,FALSE,TRUE,FALSE,TRUE,FALSE,TRUE,FALSE,TRUE
0,3,-0.104637401,0,0,-0.48944219,TRUE,no,TRUE,TRUE,FALSE,TRUE,FALSE,TRUE,TRUE,FALSE,FALSE,TRUE
0,1,-0.642586304,0,1,0.907737982,TRUE,no,FALSE,TRUE,FALSE,TRUE,FALSE,FALSE,TRUE,FALSE,FALSE,TRUE
0,3,0.279611815,0,0,-0.474172044,TRUE,no,TRUE,TRUE,FALSE,TRUE,FALSE,TRUE,TRUE,FALSE,FALSE,TRUE
0,3,0.587011189,2,0,-0.488854258,TRUE,no,FALSE,TRUE,FALSE,TRUE,FALSE,TRUE,TRUE,FALSE,FALSE,TRUE
0,3,-0.104637401,0,0,-0.48944219,TRUE,no,TRUE,TRUE,FALSE,TRUE,FALSE,TRUE,TRUE,FALSE,FALSE,TRUE
1,3,-0.642586304,0,0,-0.494391297,FALSE,yes,TRUE,FALSE,FALSE,TRUE,FALSE,TRUE,FALSE,TRUE,FALSE,TRUE
1,3,-0.104637401,0,0,-0.491874461,TRUE,yes,TRUE,TRUE,FALSE,TRUE,FALSE,TRUE,TRUE,FALSE,FALSE,TRUE
0,3,0.663861032,0,0,-0.48944219,TRUE,no,TRUE,TRUE,FALSE,TRUE,FALSE,TRUE,TRUE,FALSE,FALSE,TRUE
1,3,-0.104637401,1,0,-0.162168958,FALSE,yes,FALSE,FALSE,TRUE,FALSE,FALSE,TRUE,FALSE,TRUE,TRUE,FALSE
0,1,1.355509622,0,0,0.39858208,TRUE,no,TRUE,TRUE,FALSE,TRUE,FALSE,FALSE,TRUE,FALSE,FALSE,TRUE
0,3,-1.142110286,1,0,-0.357390858,FALSE,no,FALSE,FALSE,FALSE,FALSE,FALSE,TRUE,FALSE,FALSE,FALSE,FALSE
0,3,-0.565736461,0,0,-0.486337422,TRUE,no,TRUE,TRUE,FALSE,TRUE,FALSE,TRUE,TRUE,FALSE,FALSE,TRUE
0,3,-0.719436148,1,0,-0.450598352,FALSE,no,FALSE,FALSE,FALSE,TRUE,FALSE,TRUE,FALSE,TRUE,FALSE,TRUE
0,3,-0.949985678,0,0,-0.357308306,FALSE,no,TRUE,FALSE,FALSE,FALSE,FALSE,TRUE,FALSE,TRUE,FALSE,FALSE
0,3,-0.642586304,0,0,-0.488854258,TRUE,no,TRUE,TRUE,FALSE,TRUE,FALSE,TRUE,TRUE,FALSE,FALSE,TRUE
0,3,3.16148094,0,0,-0.492377828,TRUE,no,TRUE,TRUE,TRUE,FALSE,FALSE,TRUE,TRUE,FALSE,TRUE,FALSE
0,2,-0.027787558,1,0,-0.225593223,TRUE,no,FALSE,TRUE,FALSE,TRUE,TRUE,FALSE,TRUE,FALSE,FALSE,TRUE
0,1,-0.412036774,0,1,4.335332227,TRUE,no,FALSE,TRUE,FALSE,FALSE,FALSE,FALSE,TRUE,FALSE,FALSE,FALSE
0,3,-2.102733328,4,2,-0.018709312,FALSE,no,FALSE,FALSE,FALSE,TRUE,FALSE,TRUE,FALSE,FALSE,FALSE,TRUE
0,2,-0.642586304,2,0,0.831477855,TRUE,no,FALSE,TRUE,FALSE,TRUE,TRUE,FALSE,TRUE,FALSE,FALSE,TRUE
0,3,-0.104637401,0,0,-0.486337422,TRUE,no,TRUE,TRUE,FALSE,TRUE,FALSE,TRUE,TRUE,FALSE,FALSE,TRUE
0,2,0.241186894,1,0,-0.042955502,TRUE,no,FALSE,TRUE,FALSE,FALSE,TRUE,FALSE,TRUE,FALSE,FALSE,FALSE
1,2,0.241186894,0,0,-0.38667072,FALSE,yes,TRUE,FALSE,FALSE,TRUE,TRUE,FALSE,FALSE,TRUE,FALSE,TRUE
0,1,1.893458525,0,1,0.907737982,TRUE,no,FALSE,TRUE,FALSE,TRUE,FALSE,FALSE,TRUE,FALSE,FALSE,TRUE
1,3,-1.334234894,1,0,-0.422073541,FALSE,yes,FALSE,TRUE,FALSE,FALSE,FALSE,TRUE,FALSE,FALSE,FALSE,FALSE
0,3,-0.104637401,0,0,-0.492377828,TRUE,no,TRUE,TRUE,TRUE,FALSE,FALSE,TRUE,TRUE,FALSE,TRUE,FALSE
1,3,-0.412036774,0,0,-0.504625758,TRUE,yes,TRUE,TRUE,FALSE,TRUE,FALSE,TRUE,TRUE,FALSE,FALSE,TRUE
1,3,-0.104637401,1,1,-0.198244277,FALSE,yes,FALSE,FALSE,FALSE,FALSE,FALSE,TRUE,FALSE,TRUE,FALSE,FALSE
0,3,1.201809935,0,0,-0.50798221,TRUE,no,TRUE,TRUE,FALSE,TRUE,FALSE,TRUE,TRUE,FALSE,FALSE,TRUE
0,3,0.279611815,0,0,-0.48944219,TRUE,no,TRUE,TRUE,FALSE,FALSE,FALSE,TRUE,TRUE,FALSE,FALSE,FALSE
0,3,-0.719436148,0,0,-0.506472109,TRUE,no,TRUE,TRUE,FALSE,TRUE,FALSE,TRUE,TRUE,FALSE,FALSE,TRUE
0,3,1.355509622,1,0,-0.356468689,FALSE,no,FALSE,FALSE,FALSE,TRUE,FALSE,TRUE,FALSE,TRUE,FALSE,TRUE
1,2,-0.027787558,1,0,-0.124919787,FALSE,yes,FALSE,FALSE,FALSE,TRUE,TRUE,FALSE,FALSE,TRUE,FALSE,TRUE
0,2,-0.335186931,0,0,-0.38667072,TRUE,no,TRUE,TRUE,FALSE,TRUE,TRUE,FALSE,TRUE,FALSE,FALSE,TRUE
0,2,-0.488886618,0,0,-0.345479177,TRUE,no,TRUE,TRUE,FALSE,FALSE,TRUE,FALSE,TRUE,FALSE,FALSE,FALSE
1,1,-0.796285991,0,2,-0.11921563,FALSE,yes,FALSE,FALSE,FALSE,TRUE,FALSE,FALSE,FALSE,TRUE,FALSE,TRUE
0,1,0.587011189,1,0,0.420730236,TRUE,no,FALSE,TRUE,FALSE,TRUE,FALSE,FALSE,TRUE,FALSE,FALSE,TRUE
0,3,-1.026835521,0,0,-0.462846282,TRUE,no,TRUE,TRUE,FALSE,TRUE,FALSE,TRUE,TRUE,FALSE,FALSE,TRUE
0,1,-0.412036774,0,0,0.946245572,TRUE,no,TRUE,TRUE,FALSE,FALSE,FALSE,FALSE,TRUE,FALSE,FALSE,FALSE
0,3,-0.104637401,0,2,-0.34145224,FALSE,no,FALSE,FALSE,FALSE,FALSE,FALSE,TRUE,FALSE,TRUE,FALSE,FALSE
1,3,-0.565736461,0,0,-0.492377828,FALSE,yes,TRUE,FALSE,FALSE,TRUE,FALSE,TRUE,FALSE,TRUE,FALSE,TRUE
1,3,-0.412036774,1,0,-0.329286862,FALSE,yes,FALSE,FALSE,FALSE,TRUE,FALSE,TRUE,FALSE,TRUE,FALSE,TRUE
0,3,-0.796285991,0,0,-0.512512515,TRUE,no,TRUE,TRUE,TRUE,FALSE,FALSE,TRUE,TRUE,FALSE,TRUE,FALSE
0,2,-0.873135834,0,0,-0.416872751,TRUE,no,TRUE,TRUE,FALSE,TRUE,TRUE,FALSE,TRUE,FALSE,FALSE,TRUE
0,2,-0.796285991,1,1,0.091528101,TRUE,no,FALSE,TRUE,FALSE,TRUE,TRUE,FALSE,TRUE,FALSE,FALSE,TRUE
1,3,-0.181487244,0,0,-0.491455659,TRUE,yes,TRUE,TRUE,FALSE,TRUE,FALSE,TRUE,TRUE,FALSE,FALSE,TRUE
0,3,-1.564784424,2,2,0.043708218,FALSE,no,FALSE,FALSE,FALSE,TRUE,FALSE,TRUE,FALSE,FALSE,FALSE,TRUE
0,2,0.548586267,0,2,-0.124919787,TRUE,no,FALSE,TRUE,FALSE,TRUE,TRUE,FALSE,TRUE,FALSE,FALSE,TRUE
0,2,0.971260405,0,0,-0.38667072,TRUE,no,TRUE,TRUE,FALSE,TRUE,TRUE,FALSE,TRUE,FALSE,FALSE,TRUE
0,2,1.662908995,0,0,-0.396234697,TRUE,no,TRUE,TRUE,FALSE,TRUE,TRUE,FALSE,TRUE,FALSE,FALSE,TRUE
1,1,-0.565736461,1,0,0.692548513,FALSE,yes,FALSE,FALSE,FALSE,TRUE,FALSE,FALSE,FALSE,TRUE,FALSE,TRUE
0,3,2.00873329,0,0,-0.486337422,TRUE,no,TRUE,TRUE,FALSE,TRUE,FALSE,TRUE,TRUE,FALSE,FALSE,TRUE
0,3,0.85598564,0,2,-0.356468689,TRUE,no,FALSE,TRUE,FALSE,TRUE,FALSE,TRUE,TRUE,FALSE,FALSE,TRUE
0,3,-0.104637401,0,0,-0.501186753,TRUE,no,TRUE,TRUE,FALSE,TRUE,FALSE,TRUE,TRUE,FALSE,FALSE,TRUE
0,1,1.662908995,0,1,0.587429338,TRUE,no,FALSE,TRUE,FALSE,FALSE,FALSE,FALSE,TRUE,FALSE,FALSE,FALSE
1,3,-1.026835521,0,0,-0.492714077,FALSE,yes,TRUE,FALSE,TRUE,FALSE,FALSE,TRUE,FALSE,TRUE,TRUE,FALSE
0,3,0.049062285,0,0,-0.486337422,TRUE,no,TRUE,TRUE,FALSE,TRUE,FALSE,TRUE,TRUE,FALSE,FALSE,TRUE
0,3,-0.104637401,0,0,-0.474004926,TRUE,no,TRUE,TRUE,FALSE,TRUE,FALSE,TRUE,TRUE,FALSE,FALSE,TRUE
0,3,-0.104637401,8,2,0.75194584,TRUE,no,FALSE,TRUE,FALSE,TRUE,FALSE,TRUE,TRUE,FALSE,FALSE,TRUE
0,3,1.124960092,0,1,-0.32425319,TRUE,no,FALSE,TRUE,FALSE,TRUE,FALSE,TRUE,TRUE,FALSE,FALSE,TRUE
1,2,0.817560719,0,0,-0.33130033,FALSE,yes,TRUE,FALSE,FALSE,TRUE,TRUE,FALSE,FALSE,TRUE,FALSE,TRUE
0,3,-0.258337088,0,0,-0.491874461,TRUE,no,TRUE,TRUE,FALSE,TRUE,FALSE,TRUE,TRUE,FALSE,FALSE,TRUE
0,3,-0.949985678,0,0,-0.474004926,TRUE,no,TRUE,TRUE,FALSE,TRUE,FALSE,TRUE,TRUE,FALSE,FALSE,TRUE
0,3,-2.179583171,4,1,0.150673744,FALSE,no,FALSE,TRUE,FALSE,TRUE,FALSE,TRUE,FALSE,FALSE,FALSE,TRUE
1,3,-1.564784424,0,2,-0.235157199,FALSE,yes,FALSE,TRUE,FALSE,TRUE,FALSE,TRUE,FALSE,FALSE,FALSE,TRUE
1,1,-0.104637401,0,1,0.458986142,FALSE,yes,FALSE,FALSE,FALSE,TRUE,FALSE,FALSE,FALSE,TRUE,FALSE,TRUE
0,3,1.201809935,1,4,-0.086663881,FALSE,no,FALSE,FALSE,FALSE,TRUE,FALSE,TRUE,FALSE,TRUE,FALSE,TRUE
0,1,-0.104637401,0,0,-0.126429888,TRUE,no,TRUE,TRUE,FALSE,TRUE,FALSE,FALSE,TRUE,FALSE,FALSE,TRUE
0,3,-0.104637401,0,0,0.489103607,TRUE,no,TRUE,TRUE,FALSE,TRUE,FALSE,TRUE,TRUE,FALSE,FALSE,TRUE
0,1,2.431407428,0,0,0.026090367,TRUE,no,TRUE,TRUE,FALSE,TRUE,FALSE,FALSE,TRUE,FALSE,FALSE,TRUE
0,3,-1.949033641,4,1,-0.061998889,FALSE,no,FALSE,TRUE,TRUE,FALSE,FALSE,TRUE,FALSE,FALSE,TRUE,FALSE
1,3,-2.179583171,1,1,-0.424256141,FALSE,yes,FALSE,FALSE,FALSE,TRUE,FALSE,TRUE,FALSE,FALSE,FALSE,TRUE
0,3,-0.642586304,0,0,-0.488854258,TRUE,no,TRUE,TRUE,FALSE,TRUE,FALSE,TRUE,TRUE,FALSE,FALSE,TRUE
0,1,2.047158212,0,0,-0.030371323,TRUE,no,TRUE,TRUE,FALSE,FALSE,FALSE,FALSE,TRUE,FALSE,FALSE,FALSE
0,3,-0.873135834,1,1,-0.490279793,TRUE,no,FALSE,TRUE,FALSE,TRUE,FALSE,TRUE,TRUE,FALSE,FALSE,TRUE
0,3,-0.104637401,3,1,-0.135657615,TRUE,no,FALSE,TRUE,FALSE,TRUE,FALSE,TRUE,TRUE,FALSE,FALSE,TRUE
0,1,1.586059152,0,0,-0.070304448,FALSE,no,TRUE,FALSE,FALSE,FALSE,FALSE,FALSE,FALSE,TRUE,FALSE,FALSE
0,2,0.049062285,0,0,-0.38667072,TRUE,no,TRUE,TRUE,FALSE,TRUE,TRUE,FALSE,TRUE,FALSE,FALSE,TRUE
0,3,0.510161345,0,0,-0.648421654,TRUE,no,TRUE,TRUE,FALSE,TRUE,FALSE,TRUE,TRUE,FALSE,FALSE,TRUE
0,3,-0.104637401,8,2,0.75194584,FALSE,no,FALSE,FALSE,FALSE,TRUE,FALSE,TRUE,FALSE,TRUE,FALSE,TRUE
0,2,-0.104637401,0,0,-0.345394611,TRUE,no,TRUE,TRUE,FALSE,FALSE,TRUE,FALSE,TRUE,FALSE,FALSE,FALSE
0,3,-1.564784424,4,2,-0.016444159,FALSE,no,FALSE,TRUE,FALSE,TRUE,FALSE,TRUE,FALSE,FALSE,FALSE,TRUE
1,2,-2.179583171,2,1,0.136831147,FALSE,yes,FALSE,TRUE,FALSE,TRUE,TRUE,FALSE,FALSE,FALSE,FALSE,TRUE
1,3,-1.949033641,0,2,-0.204955168,FALSE,yes,FALSE,FALSE,FALSE,TRUE,FALSE,TRUE,FALSE,FALSE,FALSE,TRUE
0,1,-0.104637401,0,0,0.358312706,TRUE,no,TRUE,TRUE,FALSE,TRUE,FALSE,FALSE,TRUE,FALSE,FALSE,TRUE
1,3,-0.104637401,1,0,-0.336334002,FALSE,yes,FALSE,FALSE,TRUE,FALSE,FALSE,TRUE,FALSE,TRUE,TRUE,FALSE
1,1,1.201809935,0,0,-0.113845709,TRUE,yes,TRUE,TRUE,FALSE,TRUE,FALSE,FALSE,TRUE,FALSE,FALSE,TRUE
0,3,0.817560719,1,1,-0.336334002,TRUE,no,FALSE,TRUE,TRUE,FALSE,FALSE,TRUE,TRUE,FALSE,TRUE,FALSE
0,3,0.510161345,0,0,-0.48944219,TRUE,no,TRUE,TRUE,FALSE,TRUE,FALSE,TRUE,TRUE,FALSE,FALSE,TRUE
1,2,0.202761972,0,0,-0.38667072,FALSE,yes,TRUE,FALSE,FALSE,TRUE,TRUE,FALSE,FALSE,TRUE,FALSE,TRUE
0,2,-0.796285991,0,0,-0.38667072,TRUE,no,TRUE,TRUE,FALSE,TRUE,TRUE,FALSE,TRUE,FALSE,FALSE,TRUE
1,3,-0.796285991,1,0,-0.490279793,FALSE,yes,FALSE,FALSE,FALSE,TRUE,FALSE,TRUE,FALSE,TRUE,FALSE,TRUE
1,2,-2.025883484,1,1,-0.124919787,FALSE,yes,FALSE,TRUE,FALSE,TRUE,TRUE,FALSE,FALSE,FALSE,FALSE,TRUE
1,1,1.124960092,0,0,-0.090272017,FALSE,yes,TRUE,FALSE,FALSE,FALSE,FALSE,FALSE,FALSE,TRUE,FALSE,FALSE
1,1,2.200857898,0,0,2.301728821,FALSE,yes,TRUE,FALSE,FALSE,FALSE,FALSE,FALSE,FALSE,TRUE,FALSE,FALSE
0,3,-0.104637401,0,0,-0.492377828,TRUE,no,TRUE,TRUE,TRUE,FALSE,FALSE,TRUE,TRUE,FALSE,TRUE,FALSE
0,3,0.971260405,0,1,-0.479205715,TRUE,no,FALSE,TRUE,FALSE,TRUE,FALSE,TRUE,TRUE,FALSE,FALSE,TRUE
1,3,-0.104637401,0,0,-0.492377828,FALSE,yes,TRUE,FALSE,TRUE,FALSE,FALSE,TRUE,FALSE,TRUE,TRUE,FALSE
0,2,-0.412036774,0,0,-0.38667072,FALSE,no,TRUE,FALSE,FALSE,TRUE,TRUE,FALSE,FALSE,TRUE,FALSE,TRUE
0,3,-0.104637401,0,0,-0.457142125,TRUE,no,TRUE,TRUE,FALSE,TRUE,FALSE,TRUE,TRUE,FALSE,FALSE,TRUE
0,3,-0.104637401,8,2,0.75194584,TRUE,no,FALSE,TRUE,FALSE,TRUE,FALSE,TRUE,TRUE,FALSE,FALSE,TRUE
0,3,0.356461659,0,0,-0.517630753,TRUE,no,TRUE,TRUE,FALSE,TRUE,FALSE,TRUE,TRUE,FALSE,FALSE,TRUE
0,3,1.240234857,0,0,-0.502948539,TRUE,no,TRUE,TRUE,FALSE,FALSE,FALSE,TRUE,TRUE,FALSE,FALSE,FALSE
1,3,-0.873135834,0,0,-0.486337422,TRUE,yes,TRUE,TRUE,FALSE,TRUE,FALSE,TRUE,TRUE,FALSE,FALSE,TRUE
0,3,-2.102733328,0,1,-0.437762489,FALSE,no,FALSE,FALSE,FALSE,TRUE,FALSE,TRUE,FALSE,FALSE,FALSE,TRUE
0,3,0.202761972,1,0,-0.329286862,TRUE,no,FALSE,TRUE,FALSE,TRUE,FALSE,TRUE,TRUE,FALSE,FALSE,TRUE
1,3,-0.258337088,0,0,-0.270141218,TRUE,yes,TRUE,TRUE,FALSE,FALSE,FALSE,TRUE,TRUE,FALSE,FALSE,FALSE
1,3,-1.026835521,0,0,-0.492377828,FALSE,yes,TRUE,FALSE,TRUE,FALSE,FALSE,TRUE,FALSE,TRUE,TRUE,FALSE
1,1,0.817560719,0,0,-0.024246351,TRUE,yes,TRUE,TRUE,FALSE,FALSE,FALSE,FALSE,TRUE,FALSE,FALSE,FALSE
0,3,-0.412036774,0,0,-0.506472109,TRUE,no,TRUE,TRUE,FALSE,TRUE,FALSE,TRUE,TRUE,FALSE,FALSE,TRUE
1,2,0.433311502,0,0,-0.225593223,FALSE,yes,TRUE,FALSE,FALSE,TRUE,TRUE,FALSE,FALSE,TRUE,FALSE,TRUE
0,3,-0.565736461,0,0,-0.502445171,TRUE,no,TRUE,TRUE,FALSE,TRUE,FALSE,TRUE,TRUE,FALSE,FALSE,TRUE
0,2,0.049062285,0,0,-0.38667072,TRUE,no,TRUE,TRUE,FALSE,TRUE,TRUE,FALSE,TRUE,FALSE,FALSE,TRUE
0,3,-0.104637401,1,0,-0.492377828,TRUE,no,FALSE,TRUE,TRUE,FALSE,FALSE,TRUE,TRUE,FALSE,TRUE,FALSE
1,1,0.125912129,1,0,1.632335038,FALSE,yes,FALSE,FALSE,FALSE,FALSE,FALSE,FALSE,FALSE,TRUE,FALSE,FALSE
1,3,-0.181487244,0,0,-0.488854258,FALSE,yes,TRUE,FALSE,FALSE,TRUE,FALSE,TRUE,FALSE,TRUE,FALSE,TRUE
0,2,0.971260405,1,0,-0.1047851,TRUE,no,FALSE,TRUE,FALSE,TRUE,TRUE,FALSE,TRUE,FALSE,FALSE,TRUE
1,1,0.202761972,0,0,0.887687861,FALSE,yes,TRUE,FALSE,FALSE,FALSE,FALSE,FALSE,FALSE,TRUE,FALSE,FALSE
0,2,0.049062285,0,0,-0.437007438,TRUE,no,TRUE,TRUE,FALSE,TRUE,TRUE,FALSE,TRUE,FALSE,FALSE,TRUE
1,3,-1.026835521,0,0,-0.486337422,TRUE,yes,TRUE,TRUE,FALSE,TRUE,FALSE,TRUE,TRUE,FALSE,FALSE,TRUE
0,2,-0.181487244,0,0,-0.38667072,TRUE,no,TRUE,TRUE,FALSE,TRUE,TRUE,FALSE,TRUE,FALSE,FALSE,TRUE
0,3,1.662908995,0,0,-0.486337422,TRUE,no,TRUE,TRUE,FALSE,TRUE,FALSE,TRUE,TRUE,FALSE,FALSE,TRUE
0,3,-0.104637401,0,0,-0.48944219,TRUE,no,TRUE,TRUE,FALSE,TRUE,FALSE,TRUE,TRUE,FALSE,FALSE,TRUE
1,1,0.663861032,1,0,1.163700193,TRUE,yes,FALSE,TRUE,FALSE,TRUE,FALSE,FALSE,TRUE,FALSE,FALSE,TRUE
0,3,-0.565736461,0,0,-0.460162328,TRUE,no,TRUE,TRUE,FALSE,TRUE,FALSE,TRUE,TRUE,FALSE,FALSE,TRUE
1,2,-0.796285991,0,0,-0.437007438,TRUE,yes,TRUE,TRUE,FALSE,TRUE,TRUE,FALSE,TRUE,FALSE,FALSE,TRUE
0,3,-0.681011226,0,0,-0.502445171,TRUE,no,TRUE,TRUE,FALSE,TRUE,FALSE,TRUE,TRUE,FALSE,FALSE,TRUE
0,2,-0.873135834,0,0,-0.38667072,TRUE,no,TRUE,TRUE,FALSE,TRUE,TRUE,FALSE,TRUE,FALSE,FALSE,TRUE
0,3,-0.104637401,3,1,-0.135657615,FALSE,no,FALSE,FALSE,FALSE,TRUE,FALSE,TRUE,FALSE,TRUE,FALSE,TRUE
1,1,0.433311502,1,0,1.032321359,FALSE,yes,FALSE,FALSE,FALSE,TRUE,FALSE,FALSE,FALSE,TRUE,FALSE,TRUE
0,3,-0.027787558,0,0,-0.491874461,TRUE,no,TRUE,TRUE,FALSE,TRUE,FALSE,TRUE,TRUE,FALSE,FALSE,TRUE
0,2,2.277707742,0,0,-0.376603377,TRUE,no,TRUE,TRUE,FALSE,TRUE,TRUE,FALSE,TRUE,FALSE,FALSE,TRUE
1,3,-1.872183798,4,2,-0.016444159,FALSE,yes,FALSE,FALSE,FALSE,TRUE,FALSE,TRUE,FALSE,FALSE,FALSE,TRUE
0,2,-0.412036774,0,0,-0.437007438,TRUE,no,TRUE,TRUE,FALSE,TRUE,TRUE,FALSE,TRUE,FALSE,FALSE,TRUE
0,3,-0.104637401,0,0,-0.496404765,FALSE,no,TRUE,FALSE,FALSE,TRUE,FALSE,TRUE,FALSE,TRUE,FALSE,TRUE
0,2,1.124960092,1,0,-0.124919787,TRUE,no,FALSE,TRUE,FALSE,TRUE,TRUE,FALSE,TRUE,FALSE,FALSE,TRUE
1,2,-1.641634268,0,2,-0.119886115,FALSE,yes,FALSE,FALSE,FALSE,TRUE,TRUE,FALSE,FALSE,FALSE,FALSE,TRUE
0,2,-0.796285991,0,0,-0.437007438,TRUE,no,TRUE,TRUE,FALSE,TRUE,TRUE,FALSE,TRUE,FALSE,FALSE,TRUE
0,2,0.279611815,0,0,-0.401268368,TRUE,no,TRUE,TRUE,FALSE,TRUE,TRUE,FALSE,TRUE,FALSE,FALSE,TRUE
0,3,-0.104637401,1,0,-0.357390858,FALSE,no,FALSE,FALSE,FALSE,FALSE,FALSE,TRUE,FALSE,TRUE,FALSE,FALSE
1,3,-0.104637401,1,0,-0.336334002,FALSE,yes,FALSE,FALSE,TRUE,FALSE,FALSE,TRUE,FALSE,TRUE,TRUE,FALSE
0,2,-0.027787558,0,0,-0.437007438,TRUE,no,TRUE,TRUE,FALSE,TRUE,TRUE,FALSE,TRUE,FALSE,FALSE,TRUE
0,3,-0.565736461,0,0,-0.504962007,TRUE,no,TRUE,TRUE,FALSE,TRUE,FALSE,TRUE,TRUE,FALSE,FALSE,TRUE
0,3,0.049062285,0,0,-0.502948539,TRUE,no,TRUE,TRUE,FALSE,FALSE,FALSE,TRUE,TRUE,FALSE,FALSE,FALSE
0,1,1.124960092,2,0,1.163700193,TRUE,no,FALSE,TRUE,TRUE,FALSE,FALSE,FALSE,TRUE,FALSE,TRUE,FALSE
0,3,-0.335186931,0,0,-0.491874461,FALSE,no,TRUE,FALSE,FALSE,TRUE,FALSE,TRUE,FALSE,TRUE,FALSE,TRUE
1,2,-0.412036774,0,2,-0.356468689,FALSE,yes,FALSE,FALSE,FALSE,TRUE,TRUE,FALSE,FALSE,TRUE,FALSE,TRUE
1,1,0.587011189,1,1,0.409740724,TRUE,yes,FALSE,TRUE,FALSE,TRUE,FALSE,FALSE,TRUE,FALSE,FALSE,TRUE
0,2,1.893458525,1,0,-0.124919787,TRUE,no,FALSE,TRUE,FALSE,TRUE,TRUE,FALSE,TRUE,FALSE,FALSE,TRUE
0,3,-0.104637401,0,0,-0.502445171,TRUE,no,TRUE,TRUE,FALSE,TRUE,FALSE,TRUE,TRUE,FALSE,FALSE,TRUE
0,3,-0.027787558,1,1,-0.437762489,FALSE,no,FALSE,FALSE,FALSE,TRUE,FALSE,TRUE,FALSE,TRUE,FALSE,TRUE
0,1,2.508257272,0,0,-0.113845709,TRUE,no,TRUE,TRUE,FALSE,TRUE,FALSE,FALSE,TRUE,FALSE,FALSE,TRUE
0,3,0.049062285,1,0,-0.32425319,TRUE,no,FALSE,TRUE,FALSE,TRUE,FALSE,TRUE,TRUE,FALSE,FALSE,TRUE
0,3,0.894410562,0,2,-0.241449289,FALSE,no,FALSE,FALSE,FALSE,TRUE,FALSE,TRUE,FALSE,TRUE,FALSE,TRUE
1,3,-0.027787558,0,2,-0.34145224,FALSE,yes,FALSE,FALSE,FALSE,FALSE,FALSE,TRUE,FALSE,TRUE,FALSE,FALSE
1,1,-0.104637401,0,0,0.946245572,FALSE,yes,TRUE,FALSE,FALSE,FALSE,FALSE,FALSE,FALSE,TRUE,FALSE,FALSE
1,1,0.049062285,0,0,1.093228788,FALSE,yes,TRUE,FALSE,FALSE,TRUE,FALSE,FALSE,FALSE,TRUE,FALSE,TRUE
1,1,0.433311502,0,0,9.667166525,FALSE,yes,TRUE,FALSE,FALSE,FALSE,FALSE,FALSE,FALSE,TRUE,FALSE,FALSE
1,2,1.586059152,0,1,-0.124919787,FALSE,yes,FALSE,FALSE,FALSE,TRUE,TRUE,FALSE,FALSE,TRUE,FALSE,TRUE
0,3,-0.104637401,0,0,-0.492377828,TRUE,no,TRUE,TRUE,TRUE,FALSE,FALSE,TRUE,TRUE,FALSE,TRUE,FALSE
1,3,-2.025883484,4,2,-0.016444159,FALSE,yes,FALSE,TRUE,FALSE,TRUE,FALSE,TRUE,FALSE,FALSE,FALSE,TRUE
0,1,1.739758839,1,1,0.955306181,TRUE,no,FALSE,TRUE,FALSE,TRUE,FALSE,FALSE,TRUE,FALSE,FALSE,TRUE
0,1,0.817560719,0,0,-0.648421654,TRUE,no,TRUE,TRUE,FALSE,TRUE,FALSE,FALSE,TRUE,FALSE,FALSE,TRUE
0,3,-0.104637401,0,0,-0.492377828,FALSE,no,TRUE,FALSE,TRUE,FALSE,FALSE,TRUE,FALSE,TRUE,TRUE,FALSE
0,2,0.510161345,0,0,-0.437007438,TRUE,no,TRUE,TRUE,FALSE,TRUE,TRUE,FALSE,TRUE,FALSE,FALSE,TRUE
0,3,-1.026835521,4,1,0.150673744,TRUE,no,FALSE,TRUE,FALSE,TRUE,FALSE,TRUE,TRUE,FALSE,FALSE,TRUE
1,3,-0.335186931,1,0,-0.491874461,TRUE,yes,FALSE,TRUE,FALSE,TRUE,FALSE,TRUE,TRUE,FALSE,FALSE,TRUE
1,1,2.200857898,0,1,2.441497779,FALSE,yes,FALSE,FALSE,FALSE,TRUE,FALSE,FALSE,FALSE,TRUE,FALSE,TRUE
1,1,0.433311502,0,0,2.082512414,FALSE,yes,TRUE,FALSE,FALSE,TRUE,FALSE,FALSE,FALSE,TRUE,FALSE,TRUE
0,1,-0.104637401,0,0,-0.024246351,TRUE,no,TRUE,TRUE,FALSE,TRUE,FALSE,FALSE,TRUE,FALSE,FALSE,TRUE
1,3,-0.335186931,0,0,-0.648421654,TRUE,yes,TRUE,TRUE,FALSE,TRUE,FALSE,TRUE,TRUE,FALSE,FALSE,TRUE
1,2,0.894410562,0,1,-0.255795253,FALSE,yes,FALSE,FALSE,FALSE,TRUE,TRUE,FALSE,FALSE,TRUE,FALSE,TRUE
0,1,0.587011189,0,1,-0.050421444,TRUE,no,FALSE,TRUE,FALSE,FALSE,FALSE,FALSE,TRUE,FALSE,FALSE,FALSE
1,3,-0.104637401,0,0,-0.492377828,FALSE,yes,TRUE,FALSE,TRUE,FALSE,FALSE,TRUE,FALSE,TRUE,TRUE,FALSE
1,1,2.585107115,1,0,0.921244331,FALSE,yes,FALSE,FALSE,FALSE,TRUE,FALSE,FALSE,FALSE,TRUE,FALSE,TRUE
0,3,1.201809935,0,0,-0.492377828,FALSE,no,TRUE,FALSE,FALSE,TRUE,FALSE,TRUE,FALSE,TRUE,FALSE,TRUE
0,2,-0.104637401,0,0,-0.648421654,TRUE,no,TRUE,TRUE,FALSE,TRUE,TRUE,FALSE,TRUE,FALSE,FALSE,TRUE
0,3,-1.718484111,4,1,-0.061998889,FALSE,no,FALSE,TRUE,TRUE,FALSE,FALSE,TRUE,FALSE,FALSE,TRUE,FALSE
1,3,0.433311502,1,1,-0.240694238,FALSE,yes,FALSE,FALSE,FALSE,TRUE,FALSE,TRUE,FALSE,TRUE,FALSE,TRUE
0,3,2.738806802,0,0,-0.492377828,TRUE,no,TRUE,TRUE,TRUE,FALSE,FALSE,TRUE,TRUE,FALSE,TRUE,FALSE
0,3,-0.104637401,0,0,-0.490279793,TRUE,no,TRUE,TRUE,FALSE,TRUE,FALSE,TRUE,TRUE,FALSE,FALSE,TRUE
0,3,-1.026835521,0,0,-0.457142125,TRUE,no,TRUE,TRUE,FALSE,TRUE,FALSE,TRUE,TRUE,FALSE,FALSE,TRUE
1,3,-0.796285991,0,0,-0.486337422,TRUE,yes,TRUE,TRUE,FALSE,TRUE,FALSE,TRUE,TRUE,FALSE,FALSE,TRUE
0,1,-0.104637401,0,0,-0.124919787,TRUE,no,TRUE,TRUE,FALSE,TRUE,FALSE,FALSE,TRUE,FALSE,FALSE,TRUE
0,3,0.279611815,0,0,-0.474004926,TRUE,no,TRUE,TRUE,FALSE,FALSE,FALSE,TRUE,TRUE,FALSE,FALSE,FALSE
1,3,0.049062285,0,0,-0.457142125,TRUE,yes,TRUE,TRUE,FALSE,TRUE,FALSE,TRUE,TRUE,FALSE,FALSE,TRUE
0,3,-0.565736461,0,0,-0.48944219,TRUE,no,TRUE,TRUE,FALSE,TRUE,FALSE,TRUE,TRUE,FALSE,FALSE,TRUE
1,2,0.971260405,0,0,-0.38667072,TRUE,yes,TRUE,TRUE,FALSE,TRUE,TRUE,FALSE,TRUE,FALSE,FALSE,TRUE
1,3,-0.565736461,0,0,-0.492377828,FALSE,yes,TRUE,FALSE,TRUE,FALSE,FALSE,TRUE,FALSE,TRUE,TRUE,FALSE
1,1,-0.258337088,0,0,0.939198431,FALSE,yes,TRUE,FALSE,FALSE,TRUE,FALSE,FALSE,FALSE,TRUE,FALSE,TRUE
1,1,-0.796285991,1,0,1.185429548,FALSE,yes,FALSE,FALSE,FALSE,FALSE,FALSE,FALSE,FALSE,TRUE,FALSE,FALSE
0,2,0.510161345,0,0,-0.389187556,TRUE,no,TRUE,TRUE,FALSE,FALSE,TRUE,FALSE,TRUE,FALSE,FALSE,FALSE
0,3,-0.412036774,0,0,-0.470229672,FALSE,no,TRUE,FALSE,FALSE,TRUE,FALSE,TRUE,FALSE,TRUE,FALSE,TRUE
0,3,-0.412036774,0,0,-0.48944219,TRUE,no,TRUE,TRUE,FALSE,TRUE,FALSE,TRUE,TRUE,FALSE,FALSE,TRUE
0,1,-0.104637401,0,0,-0.090272017,TRUE,no,TRUE,TRUE,FALSE,FALSE,FALSE,FALSE,TRUE,FALSE,FALSE,FALSE
0,3,-0.450461696,0,0,-0.502863973,TRUE,no,TRUE,TRUE,FALSE,FALSE,FALSE,TRUE,TRUE,FALSE,FALSE,FALSE
0,1,-2.102733328,1,2,2.40299019,FALSE,no,FALSE,FALSE,FALSE,TRUE,FALSE,FALSE,FALSE,FALSE,FALSE,TRUE
1,1,-0.104637401,0,0,-0.034313694,TRUE,yes,TRUE,TRUE,FALSE,TRUE,FALSE,FALSE,TRUE,FALSE,FALSE,TRUE
1,1,1.586059152,0,1,4.335332227,FALSE,yes,FALSE,FALSE,FALSE,FALSE,FALSE,FALSE,FALSE,TRUE,FALSE,FALSE
1,3,-0.104637401,0,0,-0.492377828,FALSE,yes,TRUE,FALSE,TRUE,FALSE,FALSE,TRUE,FALSE,TRUE,TRUE,FALSE
1,3,-0.104637401,2,0,-0.180290176,TRUE,yes,FALSE,TRUE,TRUE,FALSE,FALSE,TRUE,TRUE,FALSE,TRUE,FALSE
0,3,-0.796285991,0,0,-0.648421654,TRUE,no,TRUE,TRUE,FALSE,TRUE,FALSE,TRUE,TRUE,FALSE,FALSE,TRUE
1,2,-0.104637401,0,0,-0.399758267,FALSE,yes,TRUE,FALSE,TRUE,FALSE,TRUE,FALSE,FALSE,TRUE,TRUE,FALSE
0,3,-0.104637401,0,0,-0.486337422,TRUE,no,TRUE,TRUE,FALSE,TRUE,FALSE,TRUE,TRUE,FALSE,FALSE,TRUE
1,1,-2.185731158,1,2,2.40299019,FALSE,yes,FALSE,TRUE,FALSE,TRUE,FALSE,FALSE,FALSE,FALSE,FALSE,TRUE
1,1,-0.104637401,0,0,1.584178906,FALSE,yes,TRUE,FALSE,FALSE,FALSE,FALSE,FALSE,FALSE,TRUE,FALSE,FALSE
1,1,-0.949985678,1,0,1.544245781,FALSE,yes,FALSE,FALSE,FALSE,FALSE,FALSE,FALSE,FALSE,TRUE,FALSE,FALSE
0,2,0.049062285,1,0,-0.165189161,TRUE,no,FALSE,TRUE,FALSE,FALSE,TRUE,FALSE,TRUE,FALSE,FALSE,FALSE
1,1,0.049062285,0,0,0.49782998,FALSE,yes,TRUE,FALSE,FALSE,FALSE,FALSE,FALSE,FALSE,TRUE,FALSE,FALSE
1,1,-0.412036774,0,0,1.025944704,FALSE,yes,TRUE,FALSE,FALSE,FALSE,FALSE,FALSE,FALSE,TRUE,FALSE,FALSE
1,1,-0.873135834,2,2,4.634416897,FALSE,yes,FALSE,FALSE,FALSE,FALSE,FALSE,FALSE,FALSE,TRUE,FALSE,FALSE
0,2,-0.258337088,1,1,-0.124919787,FALSE,no,FALSE,FALSE,FALSE,TRUE,TRUE,FALSE,FALSE,TRUE,FALSE,TRUE
0,3,-0.104637401,0,0,-0.48944219,TRUE,no,TRUE,TRUE,FALSE,TRUE,FALSE,TRUE,TRUE,FALSE,FALSE,TRUE
0,2,1.048110249,1,1,-0.119886115,TRUE,no,FALSE,TRUE,FALSE,TRUE,TRUE,FALSE,TRUE,FALSE,FALSE,TRUE
1,3,-0.258337088,0,0,-0.490279793,FALSE,yes,TRUE,FALSE,FALSE,TRUE,FALSE,TRUE,FALSE,TRUE,FALSE,TRUE
1,2,-0.412036774,1,0,-0.124919787,FALSE,yes,FALSE,FALSE,FALSE,TRUE,TRUE,FALSE,FALSE,TRUE,FALSE,TRUE
0,2,1.893458525,0,0,-0.366536033,TRUE,no,TRUE,TRUE,FALSE,TRUE,TRUE,FALSE,TRUE,FALSE,FALSE,TRUE
1,1,0.125912129,0,2,2.671117778,FALSE,yes,FALSE,FALSE,FALSE,TRUE,FALSE,FALSE,FALSE,TRUE,FALSE,TRUE
1,1,0.817560719,1,1,2.059693773,FALSE,yes,FALSE,FALSE,FALSE,FALSE,FALSE,FALSE,FALSE,TRUE,FALSE,FALSE
0,3,-0.565736461,0,0,-0.502445171,TRUE,no,TRUE,TRUE,FALSE,TRUE,FALSE,TRUE,TRUE,FALSE,FALSE,TRUE
0,3,-0.181487244,0,0,-0.48944219,TRUE,no,TRUE,TRUE,FALSE,TRUE,FALSE,TRUE,TRUE,FALSE,FALSE,TRUE
1,2,0.049062285,0,0,-0.399758267,FALSE,yes,TRUE,FALSE,TRUE,FALSE,TRUE,FALSE,FALSE,TRUE,TRUE,FALSE
1,2,-0.565736461,1,1,-0.064515725,FALSE,yes,FALSE,FALSE,FALSE,TRUE,TRUE,FALSE,FALSE,TRUE,FALSE,TRUE
0,3,-0.104637401,8,2,0.75194584,TRUE,no,FALSE,TRUE,FALSE,TRUE,FALSE,TRUE,TRUE,FALSE,FALSE,TRUE
1,1,0.510161345,0,0,2.082512414,FALSE,yes,TRUE,FALSE,FALSE,FALSE,FALSE,FALSE,FALSE,TRUE,FALSE,FALSE
0,3,2.431407428,0,0,-0.522831542,TRUE,no,TRUE,TRUE,FALSE,TRUE,FALSE,TRUE,TRUE,FALSE,FALSE,TRUE
1,2,0.510161345,0,0,-0.38667072,FALSE,yes,TRUE,FALSE,FALSE,TRUE,TRUE,FALSE,FALSE,TRUE,FALSE,TRUE
1,3,0.125912129,1,1,-0.235157199,FALSE,yes,FALSE,FALSE,FALSE,TRUE,FALSE,TRUE,FALSE,TRUE,FALSE,TRUE
1,1,-1.026835521,0,1,0.518971402,FALSE,yes,FALSE,FALSE,FALSE,FALSE,FALSE,FALSE,FALSE,TRUE,FALSE,FALSE
1,3,-0.104637401,2,0,-0.180290176,FALSE,yes,FALSE,FALSE,TRUE,FALSE,FALSE,TRUE,FALSE,TRUE,TRUE,FALSE
0,1,1.240234857,0,0,-0.074583069,TRUE,no,TRUE,TRUE,FALSE,TRUE,FALSE,FALSE,TRUE,FALSE,FALSE,TRUE
0,1,0.663861032,0,1,2.441497779,TRUE,no,FALSE,TRUE,FALSE,TRUE,FALSE,FALSE,TRUE,FALSE,FALSE,TRUE
0,3,-1.026835521,2,0,-0.285997284,TRUE,no,FALSE,TRUE,FALSE,TRUE,FALSE,TRUE,TRUE,FALSE,FALSE,TRUE
1,1,-0.104637401,1,0,2.042579289,FALSE,yes,FALSE,FALSE,FALSE,TRUE,FALSE,FALSE,FALSE,TRUE,FALSE,TRUE
0,3,-0.104637401,0,0,-0.48944219,TRUE,no,TRUE,TRUE,FALSE,TRUE,FALSE,TRUE,TRUE,FALSE,FALSE,TRUE
0,1,-0.027787558,1,0,0.692548513,TRUE,no,FALSE,TRUE,FALSE,TRUE,FALSE,FALSE,TRUE,FALSE,FALSE,TRUE
1,1,0.894410562,0,0,2.059693773,FALSE,yes,TRUE,FALSE,FALSE,FALSE,FALSE,FALSE,FALSE,TRUE,FALSE,FALSE
1,3,1.201809935,0,0,-0.486337422,TRUE,yes,TRUE,TRUE,FALSE,TRUE,FALSE,TRUE,TRUE,FALSE,FALSE,TRUE
0,1,1.201809935,0,0,0.066359742,TRUE,no,TRUE,TRUE,FALSE,TRUE,FALSE,FALSE,TRUE,FALSE,FALSE,TRUE
1,2,-2.102733328,1,1,-0.124919787,FALSE,yes,FALSE,TRUE,FALSE,TRUE,TRUE,FALSE,FALSE,FALSE,FALSE,TRUE
1,1,-0.412036774,3,2,4.647001077,FALSE,yes,FALSE,FALSE,FALSE,TRUE,FALSE,FALSE,FALSE,TRUE,FALSE,TRUE
0,2,-0.104637401,0,0,-0.38667072,TRUE,no,TRUE,TRUE,FALSE,TRUE,TRUE,FALSE,TRUE,FALSE,FALSE,TRUE
0,2,-0.335186931,0,0,-0.38667072,TRUE,no,TRUE,TRUE,FALSE,TRUE,TRUE,FALSE,TRUE,FALSE,FALSE,TRUE
0,2,0.510161345,0,0,-0.38667072,TRUE,no,TRUE,TRUE,FALSE,TRUE,TRUE,FALSE,TRUE,FALSE,FALSE,TRUE
1,2,-0.412036774,0,0,-0.38667072,FALSE,yes,TRUE,FALSE,FALSE,TRUE,TRUE,FALSE,FALSE,TRUE,FALSE,TRUE
1,2,0.817560719,0,0,-0.38667072,FALSE,yes,TRUE,FALSE,FALSE,TRUE,TRUE,FALSE,FALSE,TRUE,FALSE,TRUE
1,3,-0.104637401,1,0,-0.32425319,FALSE,yes,FALSE,FALSE,FALSE,TRUE,FALSE,TRUE,FALSE,TRUE,FALSE,TRUE
1,3,-2.025883484,1,1,-0.328280127,FALSE,yes,FALSE,TRUE,FALSE,TRUE,FALSE,TRUE,FALSE,FALSE,FALSE,TRUE
0,3,0.971260405,0,0,-0.474004926,TRUE,no,TRUE,TRUE,FALSE,TRUE,FALSE,TRUE,TRUE,FALSE,FALSE,TRUE
0,3,-0.488886618,0,0,-0.462679164,TRUE,no,TRUE,TRUE,FALSE,TRUE,FALSE,TRUE,TRUE,FALSE,FALSE,TRUE
0,1,-0.104637401,0,0,0.056292398,TRUE,no,TRUE,TRUE,FALSE,TRUE,FALSE,FALSE,TRUE,FALSE,FALSE,TRUE
0,3,-1.103685364,1,1,-0.502863973,FALSE,no,FALSE,TRUE,FALSE,FALSE,FALSE,TRUE,FALSE,FALSE,FALSE,FALSE
0,3,-0.335186931,1,0,-0.290024222,TRUE,no,FALSE,TRUE,FALSE,TRUE,FALSE,TRUE,TRUE,FALSE,FALSE,TRUE
0,3,-0.104637401,0,0,-0.502948539,TRUE,no,TRUE,TRUE,FALSE,FALSE,FALSE,TRUE,TRUE,FALSE,FALSE,FALSE
0,3,-0.104637401,0,0,-0.457142125,TRUE,no,TRUE,TRUE,FALSE,TRUE,FALSE,TRUE,TRUE,FALSE,FALSE,TRUE
1,1,-0.565736461,0,1,0.458986142,FALSE,yes,FALSE,FALSE,FALSE,TRUE,FALSE,FALSE,FALSE,TRUE,FALSE,TRUE
0,2,0.663861032,0,0,-0.38667072,FALSE,no,TRUE,FALSE,FALSE,TRUE,TRUE,FALSE,FALSE,TRUE,FALSE,TRUE
1,3,-0.104637401,0,0,-0.489776426,FALSE,yes,TRUE,FALSE,TRUE,FALSE,FALSE,TRUE,FALSE,TRUE,TRUE,FALSE
1,3,-0.104637401,0,0,-0.489776426,FALSE,yes,TRUE,FALSE,TRUE,FALSE,FALSE,TRUE,FALSE,TRUE,TRUE,FALSE
0,3,0.817560719,1,4,-0.086663881,TRUE,no,FALSE,TRUE,FALSE,TRUE,FALSE,TRUE,TRUE,FALSE,FALSE,TRUE
0,2,-0.027787558,1,0,-0.090272017,TRUE,no,FALSE,TRUE,FALSE,FALSE,TRUE,FALSE,TRUE,FALSE,FALSE,FALSE
0,3,1.201809935,0,1,-0.357390858,FALSE,no,FALSE,FALSE,FALSE,FALSE,FALSE,TRUE,FALSE,TRUE,FALSE,FALSE
0,3,0.433311502,0,0,-0.506472109,TRUE,no,TRUE,TRUE,FALSE,TRUE,FALSE,TRUE,TRUE,FALSE,FALSE,TRUE
0,3,-0.104637401,1,0,-0.336334002,TRUE,no,FALSE,TRUE,TRUE,FALSE,FALSE,TRUE,TRUE,FALSE,TRUE,FALSE
0,3,0.049062285,0,0,-0.502445171,TRUE,no,TRUE,TRUE,FALSE,TRUE,FALSE,TRUE,TRUE,FALSE,FALSE,TRUE
1,1,2.354557585,1,0,0.866713557,FALSE,yes,FALSE,FALSE,FALSE,FALSE,FALSE,FALSE,FALSE,TRUE,FALSE,FALSE
1,3,-0.104637401,0,0,-0.502863973,FALSE,yes,TRUE,FALSE,FALSE,FALSE,FALSE,TRUE,FALSE,TRUE,FALSE,FALSE
1,3,-0.104637401,0,0,-0.492377828,FALSE,yes,TRUE,FALSE,TRUE,FALSE,FALSE,TRUE,FALSE,TRUE,TRUE,FALSE
1,1,-0.412036774,0,0,0.746912168,FALSE,yes,TRUE,FALSE,FALSE,FALSE,FALSE,FALSE,FALSE,TRUE,FALSE,FALSE
1,1,-0.335186931,1,0,0.467879633,TRUE,yes,FALSE,TRUE,FALSE,FALSE,FALSE,FALSE,TRUE,FALSE,FALSE,FALSE
0,3,-0.873135834,1,0,-0.517630753,TRUE,no,FALSE,TRUE,FALSE,TRUE,FALSE,TRUE,TRUE,FALSE,FALSE,TRUE
0,3,-0.796285991,0,0,-0.486337422,TRUE,no,TRUE,TRUE,FALSE,TRUE,FALSE,TRUE,TRUE,FALSE,FALSE,TRUE
0,1,-0.565736461,0,0,2.082512414,TRUE,no,TRUE,TRUE,FALSE,FALSE,FALSE,FALSE,TRUE,FALSE,FALSE,FALSE
0,3,-2.025883484,3,1,-0.224083121,FALSE,no,FALSE,FALSE,FALSE,TRUE,FALSE,TRUE,FALSE,FALSE,FALSE,TRUE
1,1,-0.104637401,1,0,1.0060617,FALSE,yes,FALSE,FALSE,FALSE,FALSE,FALSE,FALSE,FALSE,TRUE,FALSE,FALSE
1,3,-0.565736461,0,0,-0.502445171,FALSE,yes,TRUE,FALSE,FALSE,TRUE,FALSE,TRUE,FALSE,TRUE,FALSE,TRUE
0,1,-0.181487244,0,2,3.610064686,TRUE,no,FALSE,TRUE,FALSE,FALSE,FALSE,FALSE,TRUE,FALSE,FALSE,FALSE
0,3,-0.719436148,0,0,-0.567631221,TRUE,no,TRUE,TRUE,FALSE,FALSE,FALSE,TRUE,TRUE,FALSE,FALSE,FALSE
0,3,-0.796285991,0,0,-0.491874461,TRUE,no,TRUE,TRUE,FALSE,TRUE,FALSE,TRUE,TRUE,FALSE,FALSE,TRUE
1,1,0.971260405,0,0,3.932723049,FALSE,yes,TRUE,FALSE,FALSE,FALSE,FALSE,FALSE,FALSE,TRUE,FALSE,FALSE
1,3,-2.179583171,0,2,-0.331467448,FALSE,yes,FALSE,FALSE,FALSE,FALSE,FALSE,TRUE,FALSE,FALSE,FALSE,FALSE
0,3,0.202761972,0,0,-0.488854258,TRUE,no,TRUE,TRUE,FALSE,TRUE,FALSE,TRUE,TRUE,FALSE,FALSE,TRUE
1,1,0.433311502,1,0,0.39858208,FALSE,yes,FALSE,FALSE,FALSE,TRUE,FALSE,FALSE,FALSE,TRUE,FALSE,TRUE
0,3,-0.104637401,0,0,-0.48944219,TRUE,no,TRUE,TRUE,FALSE,TRUE,FALSE,TRUE,TRUE,FALSE,FALSE,TRUE
0,2,-0.873135834,0,0,0.831477855,TRUE,no,TRUE,TRUE,FALSE,TRUE,TRUE,FALSE,TRUE,FALSE,FALSE,TRUE
0,3,-2.179583171,5,2,0.295895176,FALSE,no,FALSE,TRUE,FALSE,TRUE,FALSE,TRUE,FALSE,FALSE,FALSE,TRUE
1,2,0.510161345,0,0,-0.38667072,FALSE,yes,TRUE,FALSE,FALSE,TRUE,TRUE,FALSE,FALSE,TRUE,FALSE,TRUE
0,3,-0.104637401,0,0,-0.492796629,TRUE,no,TRUE,TRUE,TRUE,FALSE,FALSE,TRUE,TRUE,FALSE,TRUE,FALSE
1,2,-0.949985678,0,0,-0.406805407,FALSE,yes,TRUE,FALSE,FALSE,FALSE,TRUE,FALSE,FALSE,TRUE,FALSE,FALSE
1,1,0.510161345,1,2,1.767740809,TRUE,yes,FALSE,TRUE,FALSE,TRUE,FALSE,FALSE,TRUE,FALSE,FALSE,TRUE
1,3,-0.642586304,0,0,-0.491455659,TRUE,yes,TRUE,TRUE,FALSE,TRUE,FALSE,TRUE,TRUE,FALSE,FALSE,TRUE
0,3,-0.104637401,2,0,-0.488854258,TRUE,no,FALSE,TRUE,FALSE,TRUE,FALSE,TRUE,TRUE,FALSE,FALSE,TRUE
1,1,-0.488886618,1,0,1.632335038,FALSE,yes,FALSE,FALSE,FALSE,FALSE,FALSE,FALSE,FALSE,TRUE,FALSE,FALSE
1,3,-0.412036774,0,2,-0.312172378,FALSE,yes,FALSE,FALSE,FALSE,TRUE,FALSE,TRUE,FALSE,TRUE,FALSE,TRUE
0,3,-0.565736461,0,0,-0.491455659,TRUE,no,TRUE,TRUE,FALSE,TRUE,FALSE,TRUE,TRUE,FALSE,FALSE,TRUE
0,3,0.125912129,0,0,-0.490279793,FALSE,no,TRUE,FALSE,FALSE,TRUE,FALSE,TRUE,FALSE,TRUE,FALSE,TRUE
0,2,1.278659779,0,0,-0.124919787,TRUE,no,TRUE,TRUE,FALSE,TRUE,TRUE,FALSE,TRUE,FALSE,FALSE,TRUE
0,2,-0.488886618,0,0,-0.437007438,TRUE,no,TRUE,TRUE,FALSE,TRUE,TRUE,FALSE,TRUE,FALSE,FALSE,TRUE
1,2,-0.104637401,0,0,-0.393717861,FALSE,yes,TRUE,FALSE,FALSE,TRUE,TRUE,FALSE,FALSE,TRUE,FALSE,TRUE
1,3,0.740710875,0,0,-0.488854258,TRUE,yes,TRUE,TRUE,FALSE,TRUE,FALSE,TRUE,TRUE,FALSE,FALSE,TRUE
0,3,-0.258337088,0,0,-0.486337422,TRUE,no,TRUE,TRUE,FALSE,TRUE,FALSE,TRUE,TRUE,FALSE,FALSE,TRUE
0,3,-0.642586304,1,0,-0.450598352,FALSE,no,FALSE,FALSE,FALSE,TRUE,FALSE,TRUE,FALSE,TRUE,FALSE,TRUE
0,3,-0.104637401,1,0,-0.329286862,TRUE,no,FALSE,TRUE,FALSE,TRUE,FALSE,TRUE,TRUE,FALSE,FALSE,TRUE
0,3,-0.719436148,0,0,-0.474004926,FALSE,no,TRUE,FALSE,FALSE,TRUE,FALSE,TRUE,FALSE,TRUE,FALSE,TRUE
0,2,0.356461659,1,0,-0.225593223,TRUE,no,FALSE,TRUE,FALSE,TRUE,TRUE,FALSE,TRUE,FALSE,FALSE,TRUE
0,3,1.662908995,0,0,-0.492377828,TRUE,no,TRUE,TRUE,FALSE,TRUE,FALSE,TRUE,TRUE,FALSE,FALSE,TRUE
1,2,-2.025883484,1,1,-0.270896269,FALSE,yes,FALSE,TRUE,FALSE,TRUE,TRUE,FALSE,FALSE,FALSE,FALSE,TRUE
0,3,-0.642586304,0,0,-0.491874461,TRUE,no,TRUE,TRUE,FALSE,TRUE,FALSE,TRUE,TRUE,FALSE,FALSE,TRUE
0,3,-0.104637401,3,1,-0.135657615,FALSE,no,FALSE,FALSE,FALSE,TRUE,FALSE,TRUE,FALSE,TRUE,FALSE,TRUE
0,3,-0.104637401,0,0,-0.48944219,TRUE,no,TRUE,TRUE,FALSE,TRUE,FALSE,TRUE,TRUE,FALSE,FALSE,TRUE
0,3,-0.104637401,0,0,-0.510331928,TRUE,no,TRUE,TRUE,TRUE,FALSE,FALSE,TRUE,TRUE,FALSE,TRUE,FALSE
1,1,0.279611815,1,0,1.163700193,FALSE,yes,FALSE,FALSE,TRUE,FALSE,FALSE,FALSE,FALSE,TRUE,TRUE,FALSE
0,2,-0.104637401,0,0,-0.648421654,TRUE,no,TRUE,TRUE,FALSE,TRUE,TRUE,FALSE,TRUE,FALSE,FALSE,TRUE
1,3,1.124960092,0,0,-0.488854258,TRUE,yes,TRUE,TRUE,FALSE,TRUE,FALSE,TRUE,TRUE,FALSE,FALSE,TRUE
0,3,-0.104637401,0,0,-0.486337422,FALSE,no,TRUE,FALSE,FALSE,TRUE,FALSE,TRUE,FALSE,TRUE,FALSE,TRUE
1,2,0.356461659,1,1,0.00595568,FALSE,yes,FALSE,FALSE,FALSE,TRUE,TRUE,FALSE,FALSE,TRUE,FALSE,TRUE
1,2,-0.873135834,0,2,-0.38667072,FALSE,yes,FALSE,FALSE,FALSE,TRUE,TRUE,FALSE,FALSE,TRUE,FALSE,TRUE
0,2,0.049062285,0,0,-0.38667072,TRUE,no,TRUE,TRUE,FALSE,TRUE,TRUE,FALSE,TRUE,FALSE,FALSE,TRUE
0,3,-1.487934581,0,2,-0.162168958,FALSE,no,FALSE,FALSE,FALSE,TRUE,FALSE,TRUE,FALSE,FALSE,FALSE,TRUE
0,3,-0.104637401,0,0,-0.48944219,TRUE,no,TRUE,TRUE,FALSE,FALSE,FALSE,TRUE,TRUE,FALSE,FALSE,FALSE
0,3,-0.642586304,0,0,-0.492714077,TRUE,no,TRUE,TRUE,TRUE,FALSE,FALSE,TRUE,TRUE,FALSE,TRUE,FALSE
0,3,-0.027787558,0,0,-0.489860992,TRUE,no,TRUE,TRUE,FALSE,TRUE,FALSE,TRUE,TRUE,FALSE,FALSE,TRUE
0,3,-0.104637401,1,1,-0.358482158,FALSE,no,FALSE,FALSE,FALSE,TRUE,FALSE,TRUE,FALSE,TRUE,FALSE,TRUE
0,3,-0.873135834,1,1,-0.241449289,TRUE,no,FALSE,TRUE,FALSE,TRUE,FALSE,TRUE,TRUE,FALSE,FALSE,TRUE
0,3,-0.104637401,0,0,-0.502445171,TRUE,no,TRUE,TRUE,FALSE,TRUE,FALSE,TRUE,TRUE,FALSE,FALSE,TRUE
1,2,-0.104637401,1,0,-0.124919787,FALSE,yes,FALSE,FALSE,FALSE,TRUE,TRUE,FALSE,FALSE,TRUE,FALSE,TRUE
1,2,-0.796285991,0,0,-0.124919787,FALSE,yes,TRUE,FALSE,FALSE,TRUE,TRUE,FALSE,FALSE,TRUE,FALSE,TRUE
0,3,-0.104637401,0,0,-0.492377828,TRUE,no,TRUE,TRUE,TRUE,FALSE,FALSE,TRUE,TRUE,FALSE,TRUE,FALSE
1,3,0.202761972,0,0,-0.486337422,TRUE,yes,TRUE,TRUE,FALSE,TRUE,FALSE,TRUE,TRUE,FALSE,FALSE,TRUE
1,1,-0.104637401,0,0,-0.113845709,TRUE,yes,TRUE,TRUE,FALSE,TRUE,FALSE,FALSE,TRUE,FALSE,FALSE,TRUE
1,3,-0.104637401,1,0,-0.32425319,FALSE,yes,FALSE,FALSE,FALSE,TRUE,FALSE,TRUE,FALSE,TRUE,FALSE,TRUE
1,2,0.971260405,1,0,-0.124919787,FALSE,yes,FALSE,FALSE,FALSE,TRUE,TRUE,FALSE,FALSE,TRUE,FALSE,TRUE
0,3,-0.949985678,0,0,-0.504962007,TRUE,no,TRUE,TRUE,FALSE,TRUE,FALSE,TRUE,TRUE,FALSE,FALSE,TRUE
0,1,1.586059152,1,0,0.47710736,TRUE,no,FALSE,TRUE,FALSE,TRUE,FALSE,FALSE,TRUE,FALSE,FALSE,TRUE
1,1,-1.180535208,1,2,1.767740809,FALSE,yes,FALSE,FALSE,FALSE,TRUE,FALSE,FALSE,FALSE,FALSE,FALSE,TRUE
0,3,-0.642586304,2,2,0.043708218,FALSE,no,FALSE,FALSE,FALSE,TRUE,FALSE,TRUE,FALSE,TRUE,FALSE,TRUE
1,2,-0.412036774,2,3,-0.270896269,FALSE,yes,FALSE,FALSE,FALSE,TRUE,TRUE,FALSE,FALSE,TRUE,FALSE,TRUE
0,1,2.661956958,1,4,4.647001077,TRUE,no,FALSE,TRUE,FALSE,TRUE,FALSE,FALSE,TRUE,FALSE,FALSE,TRUE
0,2,0.125912129,0,0,-0.437007438,TRUE,no,TRUE,TRUE,FALSE,TRUE,TRUE,FALSE,TRUE,FALSE,FALSE,TRUE
1,2,1.201809935,1,1,-0.119886115,FALSE,yes,FALSE,FALSE,FALSE,TRUE,TRUE,FALSE,FALSE,TRUE,FALSE,TRUE
0,3,-0.719436148,0,0,-0.457142125,TRUE,no,TRUE,TRUE,FALSE,TRUE,FALSE,TRUE,TRUE,FALSE,FALSE,TRUE
0,3,-0.335186931,1,0,-0.491874461,TRUE,no,FALSE,TRUE,FALSE,TRUE,FALSE,TRUE,TRUE,FALSE,FALSE,TRUE
1,2,-0.104637401,0,0,-0.38667072,FALSE,yes,TRUE,FALSE,FALSE,TRUE,TRUE,FALSE,FALSE,TRUE,FALSE,TRUE
1,3,-0.104637401,0,0,-0.485079004,TRUE,yes,TRUE,TRUE,FALSE,TRUE,FALSE,TRUE,TRUE,FALSE,FALSE,TRUE
1,1,-1.949033641,0,2,0.999769611,FALSE,yes,FALSE,TRUE,FALSE,TRUE,FALSE,FALSE,FALSE,FALSE,FALSE,TRUE
1,2,-1.257385051,0,1,-0.255795253,FALSE,yes,FALSE,FALSE,FALSE,TRUE,TRUE,FALSE,FALSE,FALSE,FALSE,TRUE
1,1,0.356461659,0,0,-0.113845709,TRUE,yes,TRUE,TRUE,FALSE,TRUE,FALSE,FALSE,TRUE,FALSE,FALSE,TRUE
1,3,-1.872183798,2,1,-0.260661807,FALSE,yes,FALSE,FALSE,FALSE,FALSE,FALSE,TRUE,FALSE,FALSE,FALSE,FALSE
1,1,1.739758839,0,0,-0.034313694,TRUE,yes,TRUE,TRUE,FALSE,TRUE,FALSE,FALSE,TRUE,FALSE,FALSE,TRUE
0,2,0.510161345,1,2,-0.089684084,TRUE,no,FALSE,TRUE,FALSE,TRUE,TRUE,FALSE,TRUE,FALSE,FALSE,TRUE
0,3,-0.104637401,1,0,-0.246398395,TRUE,no,FALSE,TRUE,FALSE,TRUE,FALSE,TRUE,TRUE,FALSE,FALSE,TRUE
0,1,0.049062285,0,0,-0.089684084,TRUE,no,TRUE,TRUE,FALSE,FALSE,FALSE,FALSE,TRUE,FALSE,FALSE,FALSE
1,1,1.509209309,1,0,1.14566354,TRUE,yes,FALSE,TRUE,FALSE,FALSE,FALSE,FALSE,TRUE,FALSE,FALSE,FALSE
0,3,-0.104637401,0,0,-0.486337422,TRUE,no,TRUE,TRUE,FALSE,TRUE,FALSE,TRUE,TRUE,FALSE,FALSE,TRUE
1,3,-0.027787558,0,0,-0.48944219,TRUE,yes,TRUE,TRUE,FALSE,FALSE,FALSE,TRUE,TRUE,FALSE,FALSE,FALSE
0,1,2.738806802,0,0,-0.113845709,TRUE,no,TRUE,TRUE,FALSE,TRUE,FALSE,FALSE,TRUE,FALSE,FALSE,TRUE
1,1,-0.104637401,1,0,0.395813561,FALSE,yes,FALSE,FALSE,FALSE,TRUE,FALSE,FALSE,FALSE,TRUE,FALSE,TRUE
1,2,1.586059152,0,0,-0.437007438,FALSE,yes,TRUE,FALSE,FALSE,TRUE,TRUE,FALSE,FALSE,TRUE,FALSE,TRUE
0,3,-0.104637401,0,0,-0.492377828,TRUE,no,TRUE,TRUE,TRUE,FALSE,FALSE,TRUE,TRUE,FALSE,TRUE,FALSE
1,1,1.432359465,0,0,-0.113845709,TRUE,yes,TRUE,TRUE,FALSE,TRUE,FALSE,FALSE,TRUE,FALSE,FALSE,TRUE
0,3,0.356461659,0,0,-0.486337422,TRUE,no,TRUE,TRUE,FALSE,TRUE,FALSE,TRUE,TRUE,FALSE,FALSE,TRUE
0,1,1.355509622,0,0,0.126763803,TRUE,no,TRUE,TRUE,FALSE,TRUE,FALSE,FALSE,TRUE,FALSE,FALSE,TRUE
0,2,1.432359465,0,0,-0.38667072,TRUE,no,TRUE,TRUE,FALSE,TRUE,TRUE,FALSE,TRUE,FALSE,FALSE,TRUE
0,3,-0.104637401,0,0,-0.486337422,TRUE,no,TRUE,TRUE,FALSE,TRUE,FALSE,TRUE,TRUE,FALSE,FALSE,TRUE
0,3,0.663861032,0,0,-0.506472109,TRUE,no,TRUE,TRUE,FALSE,TRUE,FALSE,TRUE,TRUE,FALSE,FALSE,TRUE
0,2,-0.104637401,0,0,-0.648421654,TRUE,no,TRUE,TRUE,FALSE,TRUE,TRUE,FALSE,TRUE,FALSE,FALSE,TRUE
0,1,2.047158212,0,0,-0.113845709,TRUE,no,TRUE,TRUE,FALSE,TRUE,FALSE,FALSE,TRUE,FALSE,FALSE,TRUE
0,3,-0.104637401,0,0,-0.492881195,TRUE,no,TRUE,TRUE,TRUE,FALSE,FALSE,TRUE,TRUE,FALSE,TRUE,FALSE
1,3,-2.198795632,2,1,-0.260661807,FALSE,yes,FALSE,FALSE,FALSE,FALSE,FALSE,TRUE,FALSE,FALSE,FALSE,FALSE
0,3,-0.104637401,0,0,-0.502445171,TRUE,no,TRUE,TRUE,FALSE,TRUE,FALSE,TRUE,TRUE,FALSE,FALSE,TRUE
0,3,0.663861032,0,0,-0.474004926,TRUE,no,TRUE,TRUE,FALSE,TRUE,FALSE,TRUE,TRUE,FALSE,FALSE,TRUE
1,2,0.279611815,1,2,-0.089684084,FALSE,yes,FALSE,FALSE,FALSE,TRUE,TRUE,FALSE,FALSE,TRUE,FALSE,TRUE
1,2,-0.488886618,0,0,-0.370730088,FALSE,yes,TRUE,FALSE,FALSE,FALSE,TRUE,FALSE,FALSE,TRUE,FALSE,FALSE
0,3,-0.565736461,0,0,-0.450346668,FALSE,no,TRUE,FALSE,FALSE,TRUE,FALSE,TRUE,FALSE,TRUE,FALSE,TRUE
0,1,-0.104637401,0,0,0.39858208,TRUE,no,TRUE,TRUE,FALSE,TRUE,FALSE,FALSE,TRUE,FALSE,FALSE,TRUE
0,2,0.356461659,1,0,-0.225593223,TRUE,no,FALSE,TRUE,FALSE,TRUE,TRUE,FALSE,TRUE,FALSE,FALSE,TRUE
0,3,-0.027787558,1,0,-0.506556675,TRUE,no,FALSE,TRUE,FALSE,TRUE,FALSE,TRUE,TRUE,FALSE,FALSE,TRUE
0,3,-0.565736461,0,0,-0.496992698,TRUE,no,TRUE,TRUE,FALSE,TRUE,FALSE,TRUE,TRUE,FALSE,FALSE,TRUE
1,3,-2.102733328,0,1,-0.401016685,FALSE,yes,FALSE,FALSE,FALSE,TRUE,FALSE,TRUE,FALSE,FALSE,FALSE,TRUE
0,3,-1.564784424,5,2,0.295895176,FALSE,no,FALSE,TRUE,FALSE,TRUE,FALSE,TRUE,FALSE,FALSE,FALSE,TRUE
0,2,-0.104637401,0,0,-0.648421654,TRUE,no,TRUE,TRUE,FALSE,TRUE,TRUE,FALSE,TRUE,FALSE,FALSE,TRUE
0,3,1.586059152,0,0,-0.486337422,TRUE,no,TRUE,TRUE,FALSE,TRUE,FALSE,TRUE,TRUE,FALSE,FALSE,TRUE
1,3,2.585107115,0,0,-0.45538034,FALSE,yes,TRUE,FALSE,FALSE,TRUE,FALSE,TRUE,FALSE,TRUE,FALSE,TRUE
1,1,-0.335186931,1,0,1.185429548,TRUE,yes,FALSE,TRUE,FALSE,FALSE,FALSE,FALSE,TRUE,FALSE,FALSE,FALSE
0,3,-0.104637401,3,1,-0.135657615,FALSE,no,FALSE,FALSE,FALSE,TRUE,FALSE,TRUE,FALSE,TRUE,FALSE,TRUE
1,1,0.433311502,1,0,1.163700193,FALSE,yes,FALSE,FALSE,FALSE,TRUE,FALSE,FALSE,FALSE,TRUE,FALSE,TRUE
0,1,2.200857898,0,0,-0.050421444,TRUE,no,TRUE,TRUE,FALSE,FALSE,FALSE,FALSE,TRUE,FALSE,FALSE,FALSE
0,3,0.049062285,0,0,-0.486337422,TRUE,no,TRUE,TRUE,FALSE,TRUE,FALSE,TRUE,TRUE,FALSE,FALSE,TRUE
1,3,-1.564784424,1,1,-0.328280127,FALSE,yes,FALSE,TRUE,FALSE,TRUE,FALSE,TRUE,FALSE,FALSE,FALSE,TRUE
0,3,-0.104637401,1,0,-0.246398395,TRUE,no,FALSE,TRUE,FALSE,TRUE,FALSE,TRUE,TRUE,FALSE,FALSE,TRUE
0,3,-0.642586304,0,0,-0.502445171,TRUE,no,TRUE,TRUE,FALSE,TRUE,FALSE,TRUE,TRUE,FALSE,FALSE,TRUE
0,1,1.970308369,0,0,-0.034313694,TRUE,no,TRUE,TRUE,FALSE,TRUE,FALSE,FALSE,TRUE,FALSE,FALSE,TRUE
0,1,3.199905862,0,0,0.348329928,TRUE,no,TRUE,TRUE,FALSE,FALSE,FALSE,FALSE,TRUE,FALSE,FALSE,FALSE
0,3,-0.642586304,0,0,-0.486337422,TRUE,no,TRUE,TRUE,FALSE,TRUE,FALSE,TRUE,TRUE,FALSE,FALSE,TRUE
0,3,-0.104637401,0,0,-0.357308306,TRUE,no,TRUE,TRUE,FALSE,FALSE,FALSE,TRUE,TRUE,FALSE,FALSE,FALSE
1,1,1.893458525,1,0,0.927453868,FALSE,yes,FALSE,FALSE,FALSE,FALSE,FALSE,FALSE,FALSE,TRUE,FALSE,FALSE
0,3,-0.104637401,0,0,-0.344387877,TRUE,no,TRUE,TRUE,FALSE,TRUE,FALSE,TRUE,TRUE,FALSE,FALSE,TRUE
0,1,-0.335186931,1,2,2.40299019,FALSE,no,FALSE,FALSE,FALSE,TRUE,FALSE,FALSE,FALSE,TRUE,FALSE,TRUE
0,3,-0.412036774,0,0,-0.491455659,TRUE,no,TRUE,TRUE,FALSE,TRUE,FALSE,TRUE,TRUE,FALSE,FALSE,TRUE
0,3,-0.949985678,0,0,-0.474004926,TRUE,no,TRUE,TRUE,FALSE,TRUE,FALSE,TRUE,TRUE,FALSE,FALSE,TRUE
0,3,-0.642586304,0,0,-0.492377828,FALSE,no,TRUE,FALSE,TRUE,FALSE,FALSE,TRUE,FALSE,TRUE,TRUE,FALSE
0,3,-0.104637401,0,0,-0.494810098,FALSE,no,TRUE,FALSE,TRUE,FALSE,FALSE,TRUE,FALSE,TRUE,TRUE,FALSE
0,3,0.587011189,0,0,-0.45538034,FALSE,no,TRUE,FALSE,FALSE,TRUE,FALSE,TRUE,FALSE,TRUE,FALSE,TRUE
1,1,-1.026835521,0,0,1.093228788,FALSE,yes,TRUE,FALSE,FALSE,TRUE,FALSE,FALSE,FALSE,TRUE,FALSE,TRUE
0,1,-0.873135834,1,0,1.544245781,TRUE,no,FALSE,TRUE,FALSE,FALSE,FALSE,FALSE,TRUE,FALSE,FALSE,FALSE
1,2,0.279611815,0,2,-0.124919787,FALSE,yes,FALSE,FALSE,FALSE,TRUE,TRUE,FALSE,FALSE,TRUE,FALSE,TRUE
1,1,-0.104637401,0,0,-0.113845709,TRUE,yes,TRUE,TRUE,FALSE,TRUE,FALSE,FALSE,TRUE,FALSE,FALSE,TRUE
0,3,-0.104637401,0,0,-0.194887825,TRUE,no,TRUE,TRUE,FALSE,TRUE,FALSE,TRUE,TRUE,FALSE,FALSE,TRUE
1,3,-0.258337088,0,0,0.489103607,TRUE,yes,TRUE,TRUE,FALSE,TRUE,FALSE,TRUE,TRUE,FALSE,FALSE,TRUE
1,3,-0.027787558,0,0,-0.492377828,TRUE,yes,TRUE,TRUE,TRUE,FALSE,FALSE,TRUE,TRUE,FALSE,TRUE,FALSE
0,3,-0.104637401,0,0,-0.486337422,TRUE,no,TRUE,TRUE,FALSE,TRUE,FALSE,TRUE,TRUE,FALSE,FALSE,TRUE
1,1,0.510161345,0,0,-0.119131064,TRUE,yes,TRUE,TRUE,FALSE,TRUE,FALSE,FALSE,TRUE,FALSE,FALSE,TRUE
1,1,1.893458525,1,0,0.547578765,FALSE,yes,FALSE,FALSE,FALSE,FALSE,FALSE,FALSE,FALSE,TRUE,FALSE,FALSE
0,3,-0.412036774,0,0,-0.497496065,TRUE,no,TRUE,TRUE,FALSE,TRUE,FALSE,TRUE,TRUE,FALSE,FALSE,TRUE
0,1,1.355509622,0,0,0.036576512,TRUE,no,TRUE,TRUE,FALSE,TRUE,FALSE,FALSE,TRUE,FALSE,FALSE,TRUE
1,2,0.356461659,0,0,-0.437007438,FALSE,yes,TRUE,FALSE,FALSE,TRUE,TRUE,FALSE,FALSE,TRUE,FALSE,TRUE
0,3,-0.104637401,0,0,-0.162168958,TRUE,no,TRUE,TRUE,TRUE,FALSE,FALSE,TRUE,TRUE,FALSE,TRUE,FALSE
1,2,0.510161345,1,0,-0.124919787,FALSE,yes,FALSE,FALSE,FALSE,TRUE,TRUE,FALSE,FALSE,TRUE,FALSE,TRUE
0,3,0.202761972,0,0,-0.48944219,TRUE,no,TRUE,TRUE,FALSE,TRUE,FALSE,TRUE,TRUE,FALSE,FALSE,TRUE
1,1,0.049062285,0,0,1.234171598,FALSE,yes,TRUE,FALSE,FALSE,TRUE,FALSE,FALSE,FALSE,TRUE,FALSE,TRUE
0,3,-0.565736461,0,0,-0.48944219,TRUE,no,TRUE,TRUE,FALSE,TRUE,FALSE,TRUE,TRUE,FALSE,FALSE,TRUE
0,3,-0.104637401,0,0,-0.502948539,TRUE,no,TRUE,TRUE,FALSE,FALSE,FALSE,TRUE,TRUE,FALSE,FALSE,FALSE
1,1,1.124960092,0,1,0.518971402,FALSE,yes,FALSE,FALSE,FALSE,FALSE,FALSE,FALSE,FALSE,TRUE,FALSE,FALSE
0,3,-0.104637401,0,0,-0.502863973,TRUE,no,TRUE,TRUE,FALSE,FALSE,FALSE,TRUE,TRUE,FALSE,FALSE,FALSE
0,3,0.85598564,0,0,-0.492377828,TRUE,no,TRUE,TRUE,TRUE,FALSE,FALSE,TRUE,TRUE,FALSE,TRUE,FALSE
1,2,1.586059152,0,0,-0.437007438,FALSE,yes,TRUE,FALSE,FALSE,TRUE,TRUE,FALSE,FALSE,TRUE,FALSE,TRUE
0,1,-0.104637401,0,0,3.817033163,TRUE,no,TRUE,TRUE,FALSE,TRUE,FALSE,FALSE,TRUE,FALSE,FALSE,TRUE
0,3,0.740710875,0,0,-0.488854258,TRUE,no,TRUE,TRUE,FALSE,TRUE,FALSE,TRUE,TRUE,FALSE,FALSE,TRUE
0,2,-0.488886618,2,1,-0.416872751,TRUE,no,FALSE,TRUE,FALSE,TRUE,TRUE,FALSE,TRUE,FALSE,FALSE,TRUE
1,2,-2.102733328,1,1,-0.124919787,FALSE,yes,FALSE,FALSE,FALSE,TRUE,TRUE,FALSE,FALSE,FALSE,FALSE,TRUE
0,3,-0.104637401,0,0,-0.502863973,TRUE,no,TRUE,TRUE,FALSE,FALSE,FALSE,TRUE,TRUE,FALSE,FALSE,FALSE
0,3,-0.949985678,1,1,-0.502863973,TRUE,no,FALSE,TRUE,FALSE,FALSE,FALSE,TRUE,TRUE,FALSE,FALSE,FALSE
1,3,-0.104637401,0,2,-0.198244277,FALSE,yes,FALSE,FALSE,FALSE,FALSE,FALSE,TRUE,FALSE,TRUE,FALSE,FALSE
0,3,0.049062285,0,0,-0.474004926,FALSE,no,TRUE,FALSE,FALSE,TRUE,FALSE,TRUE,FALSE,TRUE,FALSE,TRUE
1,2,-1.718484111,0,2,-0.119886115,FALSE,yes,FALSE,FALSE,FALSE,TRUE,TRUE,FALSE,FALSE,FALSE,FALSE,TRUE
0,1,1.201809935,0,0,-0.113845709,TRUE,no,TRUE,TRUE,FALSE,TRUE,FALSE,FALSE,TRUE,FALSE,FALSE,TRUE
1,1,0.049062285,0,0,1.49441243,FALSE,yes,TRUE,FALSE,FALSE,FALSE,FALSE,FALSE,FALSE,TRUE,FALSE,FALSE
0,3,-0.104637401,0,0,-0.356468689,TRUE,no,TRUE,TRUE,FALSE,TRUE,FALSE,TRUE,TRUE,FALSE,FALSE,TRUE
1,1,-0.565736461,0,2,0.348245362,FALSE,yes,FALSE,FALSE,FALSE,FALSE,FALSE,FALSE,FALSE,TRUE,FALSE,FALSE
1,1,0.510161345,0,2,0.781141137,FALSE,yes,FALSE,FALSE,FALSE,TRUE,FALSE,FALSE,FALSE,TRUE,FALSE,TRUE
0,3,-1.564784424,4,2,-0.018709312,FALSE,no,FALSE,FALSE,FALSE,TRUE,FALSE,TRUE,FALSE,FALSE,FALSE,TRUE
0,3,-1.411084738,4,2,-0.018709312,FALSE,no,FALSE,FALSE,FALSE,TRUE,FALSE,TRUE,FALSE,FALSE,FALSE,TRUE
1,2,0.202761972,1,0,-0.124919787,TRUE,yes,FALSE,TRUE,FALSE,TRUE,TRUE,FALSE,TRUE,FALSE,FALSE,TRUE
0,1,1.586059152,1,0,1.49441243,TRUE,no,FALSE,TRUE,FALSE,FALSE,FALSE,FALSE,TRUE,FALSE,FALSE,FALSE
0,1,2.661956958,0,0,-0.124919787,TRUE,no,TRUE,TRUE,FALSE,TRUE,FALSE,FALSE,TRUE,FALSE,FALSE,TRUE
1,2,-0.796285991,1,0,-0.124919787,FALSE,yes,FALSE,FALSE,FALSE,TRUE,TRUE,FALSE,FALSE,TRUE,FALSE,TRUE
1,2,-0.104637401,0,0,-0.369304552,TRUE,yes,TRUE,TRUE,FALSE,FALSE,TRUE,FALSE,TRUE,FALSE,FALSE,FALSE
0,3,0.279611815,1,1,-0.235157199,TRUE,no,FALSE,TRUE,FALSE,TRUE,FALSE,TRUE,TRUE,FALSE,FALSE,TRUE
1,2,-1.641634268,1,1,0.091528101,FALSE,yes,FALSE,TRUE,FALSE,TRUE,TRUE,FALSE,FALSE,FALSE,FALSE,TRUE
1,1,-0.949985678,0,2,1.584178906,TRUE,yes,FALSE,TRUE,FALSE,FALSE,FALSE,FALSE,TRUE,FALSE,FALSE,FALSE
0,2,-0.181487244,0,0,-0.124919787,TRUE,no,TRUE,TRUE,FALSE,TRUE,TRUE,FALSE,TRUE,FALSE,FALSE,TRUE
0,3,-0.104637401,0,0,-0.490783161,TRUE,no,TRUE,TRUE,TRUE,FALSE,FALSE,TRUE,TRUE,FALSE,TRUE,FALSE
1,3,-0.565736461,0,0,-0.502948539,TRUE,yes,TRUE,TRUE,FALSE,FALSE,FALSE,TRUE,TRUE,FALSE,FALSE,FALSE
1,3,-0.565736461,0,0,-0.491874461,FALSE,yes,TRUE,FALSE,FALSE,TRUE,FALSE,TRUE,FALSE,TRUE,FALSE,TRUE
0,1,2.508257272,0,0,-0.113845709,TRUE,no,TRUE,TRUE,FALSE,TRUE,FALSE,FALSE,TRUE,FALSE,FALSE,TRUE
1,1,1.432359465,1,0,0.148911959,FALSE,yes,FALSE,FALSE,FALSE,FALSE,FALSE,FALSE,FALSE,TRUE,FALSE,FALSE
0,1,-0.104637401,0,0,3.932723049,TRUE,no,TRUE,TRUE,FALSE,FALSE,FALSE,FALSE,TRUE,FALSE,FALSE,FALSE
1,1,0.740710875,1,1,0.955306181,FALSE,yes,FALSE,FALSE,FALSE,TRUE,FALSE,FALSE,FALSE,TRUE,FALSE,TRUE
1,3,0.510161345,1,0,-0.298078096,FALSE,yes,FALSE,FALSE,FALSE,TRUE,FALSE,TRUE,FALSE,TRUE,FALSE,TRUE
0,3,-0.104637401,0,0,-0.492377828,TRUE,no,TRUE,TRUE,TRUE,FALSE,FALSE,TRUE,TRUE,FALSE,TRUE,FALSE
0,3,0.817560719,0,0,-0.48944219,TRUE,no,TRUE,TRUE,FALSE,TRUE,FALSE,TRUE,TRUE,FALSE,FALSE,TRUE
0,2,-0.104637401,0,0,-0.376603377,TRUE,no,TRUE,TRUE,FALSE,TRUE,TRUE,FALSE,TRUE,FALSE,FALSE,TRUE
0,3,-0.104637401,0,0,-0.486337422,TRUE,no,TRUE,TRUE,FALSE,TRUE,FALSE,TRUE,TRUE,FALSE,FALSE,TRUE
0,3,-0.104637401,0,0,-0.486337422,FALSE,no,TRUE,FALSE,FALSE,TRUE,FALSE,TRUE,FALSE,TRUE,FALSE,TRUE
0,3,-0.412036774,2,0,-0.162168958,TRUE,no,FALSE,TRUE,FALSE,TRUE,FALSE,TRUE,TRUE,FALSE,FALSE,TRUE
0,3,-0.796285991,0,0,-0.48944219,TRUE,no,TRUE,TRUE,FALSE,TRUE,FALSE,TRUE,TRUE,FALSE,FALSE,TRUE
0,3,-0.027787558,0,4,-0.224083121,FALSE,no,FALSE,FALSE,FALSE,TRUE,FALSE,TRUE,FALSE,TRUE,FALSE,TRUE
0,3,-0.104637401,0,0,-0.502863973,TRUE,no,TRUE,TRUE,FALSE,FALSE,FALSE,TRUE,TRUE,FALSE,FALSE,FALSE
1,3,0.202761972,0,0,-0.490279793,TRUE,yes,TRUE,TRUE,FALSE,TRUE,FALSE,TRUE,TRUE,FALSE,FALSE,TRUE
1,2,2.508257272,0,0,-0.437007438,TRUE,yes,TRUE,TRUE,FALSE,TRUE,TRUE,FALSE,TRUE,FALSE,FALSE,TRUE
1,1,1.816608682,2,0,0.388095935,FALSE,yes,FALSE,FALSE,FALSE,TRUE,FALSE,FALSE,FALSE,TRUE,FALSE,TRUE
1,1,0.510161345,0,0,-0.117117595,TRUE,yes,TRUE,TRUE,FALSE,TRUE,FALSE,FALSE,TRUE,FALSE,FALSE,TRUE
1,3,-0.104637401,0,0,-0.492377828,FALSE,yes,TRUE,FALSE,TRUE,FALSE,FALSE,TRUE,FALSE,TRUE,TRUE,FALSE
0,3,-1.026835521,0,0,-0.486337422,TRUE,no,TRUE,TRUE,FALSE,TRUE,FALSE,TRUE,TRUE,FALSE,FALSE,TRUE
0,3,-0.796285991,0,0,-0.356468689,TRUE,no,TRUE,TRUE,FALSE,TRUE,FALSE,TRUE,TRUE,FALSE,FALSE,TRUE
1,2,0.356461659,0,0,-0.38667072,FALSE,yes,TRUE,FALSE,FALSE,TRUE,TRUE,FALSE,FALSE,TRUE,FALSE,TRUE
1,1,0.740710875,1,0,0.47710736,FALSE,yes,FALSE,FALSE,FALSE,TRUE,FALSE,FALSE,FALSE,TRUE,FALSE,TRUE
0,3,-0.104637401,1,0,-0.357308306,FALSE,no,FALSE,FALSE,FALSE,FALSE,FALSE,TRUE,FALSE,TRUE,FALSE,FALSE
1,3,0.202761972,0,0,-0.488854258,TRUE,yes,TRUE,TRUE,FALSE,TRUE,FALSE,TRUE,TRUE,FALSE,FALSE,TRUE
1,2,-0.335186931,1,1,-0.044381038,FALSE,yes,FALSE,FALSE,FALSE,TRUE,TRUE,FALSE,FALSE,TRUE,FALSE,TRUE
1,1,0.740710875,1,1,1.584178906,FALSE,yes,FALSE,FALSE,FALSE,FALSE,FALSE,FALSE,FALSE,TRUE,FALSE,FALSE
0,2,1.893458525,0,0,-0.124919787,TRUE,no,TRUE,TRUE,FALSE,TRUE,TRUE,FALSE,TRUE,FALSE,FALSE,TRUE
0,1,0.510161345,0,0,0.15948267,TRUE,no,TRUE,TRUE,FALSE,FALSE,FALSE,FALSE,TRUE,FALSE,FALSE,FALSE
0,3,-0.104637401,0,0,-0.472998191,TRUE,no,TRUE,TRUE,FALSE,FALSE,FALSE,TRUE,TRUE,FALSE,FALSE,FALSE
1,1,-0.873135834,0,2,0.955306181,FALSE,yes,FALSE,FALSE,FALSE,TRUE,FALSE,FALSE,FALSE,TRUE,FALSE,TRUE
0,2,1.355509622,0,0,-0.346401346,TRUE,no,TRUE,TRUE,FALSE,TRUE,TRUE,FALSE,TRUE,FALSE,FALSE,TRUE
1,1,2.354557585,1,1,0.946245572,TRUE,yes,FALSE,TRUE,FALSE,FALSE,FALSE,FALSE,TRUE,FALSE,FALSE,FALSE
0,3,-0.565736461,0,0,-0.486337422,TRUE,no,TRUE,TRUE,FALSE,TRUE,FALSE,TRUE,TRUE,FALSE,FALSE,TRUE
0,3,-0.104637401,0,0,-0.486337422,TRUE,no,TRUE,TRUE,FALSE,TRUE,FALSE,TRUE,TRUE,FALSE,FALSE,TRUE
0,3,0.433311502,0,0,-0.504962007,TRUE,no,TRUE,TRUE,FALSE,TRUE,FALSE,TRUE,TRUE,FALSE,FALSE,TRUE
1,1,1.739758839,1,0,0.927453868,FALSE,yes,FALSE,FALSE,FALSE,FALSE,FALSE,FALSE,FALSE,TRUE,FALSE,FALSE
0,3,1.355509622,0,0,-0.502445171,TRUE,no,TRUE,TRUE,FALSE,TRUE,FALSE,TRUE,TRUE,FALSE,FALSE,TRUE
0,3,-0.104637401,0,2,-0.492377828,FALSE,no,FALSE,FALSE,TRUE,FALSE,FALSE,TRUE,FALSE,TRUE,TRUE,FALSE
0,2,0.587011189,1,0,-0.124919787,TRUE,no,FALSE,TRUE,FALSE,TRUE,TRUE,FALSE,TRUE,FALSE,FALSE,TRUE
0,3,0.510161345,1,1,-0.162168958,TRUE,no,FALSE,TRUE,FALSE,TRUE,FALSE,TRUE,TRUE,FALSE,FALSE,TRUE
1,2,-0.104637401,0,0,0.016023024,FALSE,yes,TRUE,FALSE,FALSE,TRUE,TRUE,FALSE,FALSE,TRUE,FALSE,TRUE
0,3,1.509209309,0,0,-0.648421654,TRUE,no,TRUE,TRUE,FALSE,TRUE,FALSE,TRUE,TRUE,FALSE,FALSE,TRUE
0,3,-0.104637401,0,0,-0.502948539,TRUE,no,TRUE,TRUE,FALSE,FALSE,FALSE,TRUE,TRUE,FALSE,FALSE,FALSE
1,1,1.509209309,1,0,0.49782998,TRUE,yes,FALSE,TRUE,FALSE,FALSE,FALSE,FALSE,TRUE,FALSE,FALSE,FALSE
1,2,-0.412036774,2,1,-0.1047851,FALSE,yes,FALSE,FALSE,FALSE,TRUE,TRUE,FALSE,FALSE,TRUE,FALSE,TRUE
0,3,-0.104637401,0,0,-0.48944219,TRUE,no,TRUE,TRUE,FALSE,TRUE,FALSE,TRUE,TRUE,FALSE,FALSE,TRUE
0,1,-0.104637401,0,0,0.205289083,TRUE,no,TRUE,TRUE,FALSE,TRUE,FALSE,FALSE,TRUE,FALSE,FALSE,TRUE
0,3,1.124960092,0,0,-0.486337422,TRUE,no,TRUE,TRUE,FALSE,TRUE,FALSE,TRUE,TRUE,FALSE,FALSE,TRUE
1,1,0.433311502,0,0,-0.113845709,TRUE,yes,TRUE,TRUE,FALSE,FALSE,FALSE,FALSE,TRUE,FALSE,FALSE,FALSE
0,3,0.510161345,1,0,-0.335327268,TRUE,no,FALSE,TRUE,FALSE,TRUE,FALSE,TRUE,TRUE,FALSE,FALSE,TRUE
0,3,0.049062285,0,0,-0.48944219,TRUE,no,TRUE,TRUE,FALSE,TRUE,FALSE,TRUE,TRUE,FALSE,FALSE,TRUE
1,1,-0.181487244,0,0,-0.034313694,TRUE,yes,TRUE,TRUE,FALSE,TRUE,FALSE,FALSE,TRUE,FALSE,FALSE,TRUE
1,2,-0.565736461,1,2,0.188762532,FALSE,yes,FALSE,FALSE,FALSE,FALSE,TRUE,FALSE,FALSE,TRUE,FALSE,FALSE
1,1,0.817560719,0,0,2.441497779,FALSE,yes,TRUE,FALSE,FALSE,TRUE,FALSE,FALSE,FALSE,TRUE,FALSE,TRUE
0,3,0.740710875,1,5,-0.018709312,FALSE,no,FALSE,FALSE,FALSE,TRUE,FALSE,TRUE,FALSE,TRUE,FALSE,TRUE
0,3,-0.104637401,0,0,-0.506472109,TRUE,no,TRUE,TRUE,FALSE,TRUE,FALSE,TRUE,TRUE,FALSE,FALSE,TRUE
1,3,-0.104637401,1,0,-0.336334002,FALSE,yes,FALSE,FALSE,TRUE,FALSE,FALSE,TRUE,FALSE,TRUE,TRUE,FALSE
0,3,-0.104637401,0,0,-0.492377828,TRUE,no,TRUE,TRUE,TRUE,FALSE,FALSE,TRUE,TRUE,FALSE,TRUE,FALSE
0,3,0.433311502,0,0,-0.486337422,TRUE,no,TRUE,TRUE,FALSE,TRUE,FALSE,TRUE,TRUE,FALSE,FALSE,TRUE
1,2,-0.412036774,1,2,0.660333014,FALSE,yes,FALSE,FALSE,FALSE,TRUE,TRUE,FALSE,FALSE,TRUE,FALSE,TRUE
0,3,0.356461659,1,1,-0.358482158,TRUE,no,FALSE,TRUE,FALSE,TRUE,FALSE,TRUE,TRUE,FALSE,FALSE,TRUE
0,3,-0.258337088,1,0,-0.32425319,FALSE,no,FALSE,FALSE,FALSE,TRUE,FALSE,TRUE,FALSE,TRUE,FALSE,TRUE
1,2,-1.949033641,2,1,0.136831147,FALSE,yes,FALSE,FALSE,FALSE,TRUE,TRUE,FALSE,FALSE,FALSE,FALSE,TRUE
0,2,-0.258337088,0,0,-0.437007438,TRUE,no,TRUE,TRUE,FALSE,TRUE,TRUE,FALSE,TRUE,FALSE,FALSE,TRUE
0,3,-0.181487244,1,0,-0.357390858,TRUE,no,FALSE,TRUE,FALSE,FALSE,FALSE,TRUE,TRUE,FALSE,FALSE,FALSE
1,1,0.971260405,1,0,0.409740724,TRUE,yes,FALSE,TRUE,FALSE,TRUE,FALSE,FALSE,TRUE,FALSE,FALSE,TRUE
1,3,-0.719436148,1,1,-0.331467448,TRUE,yes,FALSE,TRUE,FALSE,FALSE,FALSE,TRUE,TRUE,FALSE,FALSE,FALSE
0,3,-0.642586304,0,0,-0.490279793,TRUE,no,TRUE,TRUE,FALSE,TRUE,FALSE,TRUE,TRUE,FALSE,FALSE,TRUE
0,3,-0.642586304,0,0,-0.32425319,TRUE,no,TRUE,TRUE,FALSE,TRUE,FALSE,TRUE,TRUE,FALSE,FALSE,TRUE
0,1,2.431407428,0,0,0.002347544,TRUE,no,TRUE,TRUE,FALSE,TRUE,FALSE,FALSE,TRUE,FALSE,FALSE,TRUE
0,2,2.124008055,0,0,-0.399758267,TRUE,no,TRUE,TRUE,TRUE,FALSE,TRUE,FALSE,TRUE,FALSE,TRUE,FALSE
1,1,-0.642586304,0,0,0.921244331,FALSE,yes,TRUE,FALSE,FALSE,TRUE,FALSE,FALSE,FALSE,TRUE,FALSE,TRUE
0,3,-0.258337088,0,0,-0.48944219,TRUE,no,TRUE,TRUE,FALSE,TRUE,FALSE,TRUE,TRUE,FALSE,FALSE,TRUE
0,3,-0.104637401,0,0,-0.492714077,TRUE,no,TRUE,TRUE,TRUE,FALSE,FALSE,TRUE,TRUE,FALSE,TRUE,FALSE
1,1,3.891554452,0,0,-0.044381038,TRUE,yes,TRUE,TRUE,FALSE,TRUE,FALSE,FALSE,TRUE,FALSE,FALSE,TRUE
0,3,1.662908995,0,0,-0.506387543,TRUE,no,TRUE,TRUE,FALSE,TRUE,FALSE,TRUE,TRUE,FALSE,FALSE,TRUE
1,1,0.202761972,0,0,-0.034313694,TRUE,yes,TRUE,TRUE,FALSE,FALSE,FALSE,FALSE,TRUE,FALSE,FALSE,FALSE
0,1,-0.104637401,0,0,-0.648421654,TRUE,no,TRUE,TRUE,FALSE,TRUE,FALSE,FALSE,TRUE,FALSE,FALSE,TRUE
0,3,-1.564784424,3,2,-0.086663881,FALSE,no,FALSE,FALSE,FALSE,TRUE,FALSE,TRUE,FALSE,FALSE,FALSE,TRUE
1,2,-0.104637401,0,0,-0.38667072,FALSE,yes,TRUE,FALSE,FALSE,TRUE,TRUE,FALSE,FALSE,TRUE,FALSE,TRUE
0,3,0.202761972,0,0,-0.488854258,TRUE,no,TRUE,TRUE,FALSE,TRUE,FALSE,TRUE,TRUE,FALSE,FALSE,TRUE
0,2,0.125912129,1,1,-0.119886115,TRUE,no,FALSE,TRUE,FALSE,TRUE,TRUE,FALSE,TRUE,FALSE,FALSE,TRUE
0,3,0.894410562,0,5,0.150673744,FALSE,no,FALSE,FALSE,FALSE,TRUE,FALSE,TRUE,FALSE,TRUE,FALSE,TRUE
0,3,-0.104637401,1,0,-0.32425319,TRUE,no,FALSE,TRUE,FALSE,TRUE,FALSE,TRUE,TRUE,FALSE,FALSE,TRUE
0,3,-0.719436148,0,0,-0.490279793,TRUE,no,TRUE,TRUE,FALSE,TRUE,FALSE,TRUE,TRUE,FALSE,FALSE,TRUE
1,1,-0.412036774,0,0,0.746912168,FALSE,yes,TRUE,FALSE,FALSE,FALSE,FALSE,FALSE,FALSE,TRUE,FALSE,FALSE
0,3,-2.102733328,3,2,-0.086663881,FALSE,no,FALSE,FALSE,FALSE,TRUE,FALSE,TRUE,FALSE,FALSE,FALSE,TRUE
1,3,-0.104637401,0,0,0.489103607,TRUE,yes,TRUE,TRUE,FALSE,TRUE,FALSE,TRUE,TRUE,FALSE,FALSE,TRUE
1,3,-2.198795632,2,1,-0.260661807,FALSE,yes,FALSE,FALSE,FALSE,FALSE,FALSE,TRUE,FALSE,FALSE,FALSE,FALSE
1,1,1.432359465,1,0,0.896496787,TRUE,yes,FALSE,TRUE,FALSE,FALSE,FALSE,FALSE,TRUE,FALSE,FALSE,FALSE
0,3,-0.796285991,0,0,-0.48944219,TRUE,no,TRUE,TRUE,FALSE,TRUE,FALSE,TRUE,TRUE,FALSE,FALSE,TRUE
1,1,2.047158212,0,0,0.066359742,TRUE,yes,TRUE,TRUE,FALSE,FALSE,FALSE,FALSE,TRUE,FALSE,FALSE,FALSE
0,3,-0.104637401,0,0,-0.496404765,TRUE,no,TRUE,TRUE,FALSE,TRUE,FALSE,TRUE,TRUE,FALSE,FALSE,TRUE
1,3,-0.488886618,0,0,-0.496404765,FALSE,yes,TRUE,FALSE,FALSE,TRUE,FALSE,TRUE,FALSE,TRUE,FALSE,TRUE
0,3,-0.104637401,0,0,-0.48944219,TRUE,no,TRUE,TRUE,FALSE,TRUE,FALSE,TRUE,TRUE,FALSE,FALSE,TRUE
1,2,-0.873135834,0,1,-0.185323848,FALSE,yes,FALSE,FALSE,FALSE,TRUE,TRUE,FALSE,FALSE,TRUE,FALSE,TRUE
0,3,-0.642586304,0,0,-0.478619796,TRUE,no,TRUE,TRUE,FALSE,TRUE,FALSE,TRUE,TRUE,FALSE,FALSE,TRUE
1,3,-0.104637401,0,0,-0.490783161,FALSE,yes,TRUE,FALSE,TRUE,FALSE,FALSE,TRUE,FALSE,TRUE,TRUE,FALSE
0,3,-0.873135834,0,0,-0.512512515,FALSE,no,TRUE,FALSE,TRUE,FALSE,FALSE,TRUE,FALSE,TRUE,TRUE,FALSE
0,2,-0.412036774,2,0,0.831477855,TRUE,no,FALSE,TRUE,FALSE,TRUE,TRUE,FALSE,TRUE,FALSE,FALSE,TRUE
0,3,-0.104637401,0,0,-0.48944219,TRUE,no,TRUE,TRUE,FALSE,TRUE,FALSE,TRUE,TRUE,FALSE,FALSE,TRUE
0,3,0.202761972,1,1,-0.336334002,FALSE,no,FALSE,FALSE,TRUE,FALSE,FALSE,TRUE,FALSE,TRUE,TRUE,FALSE
0,2,-0.488886618,0,0,-0.38667072,TRUE,no,TRUE,TRUE,FALSE,TRUE,TRUE,FALSE,TRUE,FALSE,FALSE,TRUE
0,1,2.200857898,0,2,1.632335038,TRUE,no,FALSE,TRUE,FALSE,FALSE,FALSE,FALSE,TRUE,FALSE,FALSE,FALSE
1,1,1.586059152,2,0,2.042579289,TRUE,yes,FALSE,TRUE,FALSE,TRUE,FALSE,FALSE,TRUE,FALSE,FALSE,TRUE
0,3,0.817560719,0,0,-0.502948539,TRUE,no,TRUE,TRUE,FALSE,FALSE,FALSE,TRUE,TRUE,FALSE,FALSE,FALSE
0,1,1.355509622,0,0,-0.133225345,TRUE,no,TRUE,TRUE,FALSE,TRUE,FALSE,FALSE,TRUE,FALSE,FALSE,TRUE
0,3,0.510161345,0,0,-0.497496065,TRUE,no,TRUE,TRUE,FALSE,TRUE,FALSE,TRUE,TRUE,FALSE,FALSE,TRUE
1,3,-0.719436148,1,0,-0.488854258,TRUE,yes,FALSE,TRUE,FALSE,TRUE,FALSE,TRUE,TRUE,FALSE,FALSE,TRUE
0,2,0.202761972,2,0,0.831477855,TRUE,no,FALSE,TRUE,FALSE,TRUE,TRUE,FALSE,TRUE,FALSE,FALSE,TRUE
0,2,-0.335186931,0,0,-0.38667072,TRUE,no,TRUE,TRUE,FALSE,TRUE,TRUE,FALSE,TRUE,FALSE,FALSE,TRUE
0,3,-0.104637401,0,0,-0.491874461,TRUE,no,TRUE,TRUE,FALSE,TRUE,FALSE,TRUE,TRUE,FALSE,FALSE,TRUE
0,3,1.048110249,0,0,-0.486337422,TRUE,no,TRUE,TRUE,FALSE,TRUE,FALSE,TRUE,TRUE,FALSE,FALSE,TRUE
1,1,-0.104637401,1,0,0.39858208,FALSE,yes,FALSE,FALSE,FALSE,TRUE,FALSE,FALSE,FALSE,TRUE,FALSE,TRUE
1,2,0.817560719,1,1,0.136831147,FALSE,yes,FALSE,FALSE,FALSE,TRUE,TRUE,FALSE,FALSE,TRUE,FALSE,TRUE
0,1,0.125912129,1,0,0.39858208,TRUE,no,FALSE,TRUE,FALSE,TRUE,FALSE,FALSE,TRUE,FALSE,FALSE,TRUE
0,2,3.123056018,0,0,-0.437007438,TRUE,no,TRUE,TRUE,FALSE,TRUE,TRUE,FALSE,TRUE,FALSE,FALSE,TRUE
1,2,0.125912129,0,0,-0.38667072,TRUE,yes,TRUE,TRUE,FALSE,TRUE,TRUE,FALSE,TRUE,FALSE,FALSE,TRUE
0,2,-0.104637401,0,0,-0.648421654,TRUE,no,TRUE,TRUE,FALSE,TRUE,TRUE,FALSE,TRUE,FALSE,FALSE,TRUE
0,3,-0.873135834,0,0,-0.491874461,TRUE,no,TRUE,TRUE,FALSE,TRUE,FALSE,TRUE,TRUE,FALSE,FALSE,TRUE
0,3,-0.373611853,0,0,-0.486337422,TRUE,no,TRUE,TRUE,FALSE,TRUE,FALSE,TRUE,TRUE,FALSE,FALSE,TRUE
1,3,-0.873135834,0,0,-0.450262103,FALSE,yes,TRUE,FALSE,FALSE,TRUE,FALSE,TRUE,FALSE,TRUE,FALSE,TRUE
0,3,1.048110249,1,6,0.295895176,FALSE,no,FALSE,FALSE,FALSE,TRUE,FALSE,TRUE,FALSE,TRUE,FALSE,TRUE
1,1,0.510161345,0,1,9.667166525,TRUE,yes,FALSE,TRUE,FALSE,FALSE,FALSE,FALSE,TRUE,FALSE,FALSE,FALSE
0,3,-0.104637401,0,0,-0.484575637,FALSE,no,TRUE,FALSE,TRUE,FALSE,FALSE,TRUE,FALSE,TRUE,TRUE,FALSE
1,1,-0.181487244,0,0,0.896496787,TRUE,yes,TRUE,TRUE,FALSE,FALSE,FALSE,FALSE,TRUE,FALSE,FALSE,FALSE
0,3,-0.719436148,0,0,-0.462679164,TRUE,no,TRUE,TRUE,FALSE,TRUE,FALSE,TRUE,TRUE,FALSE,FALSE,TRUE
0,3,-1.180535208,5,2,0.295895176,FALSE,no,FALSE,TRUE,FALSE,TRUE,FALSE,TRUE,FALSE,FALSE,FALSE,TRUE
0,2,2.354557585,1,1,0.136831147,TRUE,no,FALSE,TRUE,FALSE,TRUE,TRUE,FALSE,TRUE,FALSE,FALSE,TRUE
0,2,-0.335186931,1,2,0.188762532,TRUE,no,FALSE,TRUE,FALSE,FALSE,TRUE,FALSE,TRUE,FALSE,FALSE,FALSE
0,3,-1.180535208,4,1,0.150673744,FALSE,no,FALSE,TRUE,FALSE,TRUE,FALSE,TRUE,FALSE,FALSE,FALSE,TRUE
0,3,-0.796285991,0,0,-0.443635777,TRUE,no,TRUE,TRUE,FALSE,TRUE,FALSE,TRUE,TRUE,FALSE,FALSE,TRUE
0,3,-0.873135834,0,0,-0.491455659,TRUE,no,TRUE,TRUE,FALSE,TRUE,FALSE,TRUE,TRUE,FALSE,FALSE,TRUE
1,1,-1.103685364,0,1,3.6067928,FALSE,yes,FALSE,FALSE,FALSE,TRUE,FALSE,FALSE,FALSE,FALSE,FALSE,TRUE
1,1,0.125912129,1,0,0.499255516,TRUE,yes,FALSE,TRUE,FALSE,TRUE,FALSE,FALSE,TRUE,FALSE,FALSE,TRUE
1,3,-1.949033641,0,1,-0.378280596,FALSE,yes,FALSE,FALSE,FALSE,FALSE,FALSE,TRUE,FALSE,FALSE,FALSE,FALSE
1,3,-0.104637401,0,0,0.489103607,TRUE,yes,TRUE,TRUE,FALSE,TRUE,FALSE,TRUE,TRUE,FALSE,FALSE,TRUE
0,3,-0.335186931,0,0,-0.502948539,TRUE,no,TRUE,TRUE,FALSE,FALSE,FALSE,TRUE,TRUE,FALSE,FALSE,FALSE
0,1,2.354557585,0,0,-0.113845709,TRUE,no,TRUE,TRUE,FALSE,TRUE,FALSE,FALSE,TRUE,FALSE,FALSE,TRUE
0,2,1.739758839,0,0,-0.376603377,TRUE,no,TRUE,TRUE,FALSE,TRUE,TRUE,FALSE,TRUE,FALSE,FALSE,TRUE
0,3,1.124960092,0,0,-0.486337422,TRUE,no,TRUE,TRUE,FALSE,TRUE,FALSE,TRUE,TRUE,FALSE,FALSE,TRUE
1,3,-0.104637401,0,0,-0.492714077,FALSE,yes,TRUE,FALSE,TRUE,FALSE,FALSE,TRUE,FALSE,TRUE,TRUE,FALSE
0,1,1.509209309,1,1,1.584178906,TRUE,no,FALSE,TRUE,FALSE,FALSE,FALSE,FALSE,TRUE,FALSE,FALSE,FALSE
0,3,0.971260405,0,0,-0.494391297,TRUE,no,TRUE,TRUE,FALSE,TRUE,FALSE,TRUE,TRUE,FALSE,FALSE,TRUE
1,1,-0.873135834,1,0,3.932723049,FALSE,yes,FALSE,FALSE,FALSE,FALSE,FALSE,FALSE,FALSE,TRUE,FALSE,FALSE
1,1,0.433311502,0,0,-0.119131064,TRUE,yes,TRUE,TRUE,FALSE,TRUE,FALSE,FALSE,TRUE,FALSE,FALSE,TRUE
0,3,-0.873135834,0,1,-0.357390858,FALSE,no,FALSE,FALSE,FALSE,FALSE,FALSE,TRUE,FALSE,TRUE,FALSE,FALSE
0,3,-0.335186931,0,0,-0.492544946,TRUE,no,TRUE,TRUE,TRUE,FALSE,FALSE,TRUE,TRUE,FALSE,TRUE,FALSE
0,3,-0.258337088,1,0,-0.490279793,TRUE,no,FALSE,TRUE,FALSE,TRUE,FALSE,TRUE,TRUE,FALSE,FALSE,TRUE
0,2,0.740710875,0,0,-0.124919787,TRUE,no,TRUE,TRUE,FALSE,TRUE,TRUE,FALSE,TRUE,FALSE,FALSE,TRUE
1,2,1.201809935,0,0,-0.376603377,FALSE,yes,TRUE,FALSE,FALSE,TRUE,TRUE,FALSE,FALSE,TRUE,FALSE,TRUE
1,1,0.971260405,0,0,-0.119131064,TRUE,yes,TRUE,TRUE,FALSE,TRUE,FALSE,FALSE,TRUE,FALSE,FALSE,TRUE
1,1,-0.565736461,0,0,2.40299019,FALSE,yes,TRUE,FALSE,FALSE,TRUE,FALSE,FALSE,FALSE,TRUE,FALSE,TRUE
1,3,-0.104637401,1,1,-0.34145224,TRUE,yes,FALSE,TRUE,FALSE,FALSE,FALSE,TRUE,TRUE,FALSE,FALSE,FALSE
1,1,-0.412036774,0,0,0.348329928,FALSE,yes,TRUE,FALSE,FALSE,FALSE,FALSE,FALSE,FALSE,TRUE,FALSE,FALSE
0,1,-0.104637401,0,0,-0.113845709,TRUE,no,TRUE,TRUE,FALSE,TRUE,FALSE,FALSE,TRUE,FALSE,FALSE,TRUE
1,1,1.432359465,1,0,0.39858208,TRUE,yes,FALSE,TRUE,FALSE,TRUE,FALSE,FALSE,TRUE,FALSE,FALSE,TRUE
0,3,-0.027787558,0,0,-0.457478375,TRUE,no,TRUE,TRUE,FALSE,TRUE,FALSE,TRUE,TRUE,FALSE,FALSE,TRUE
0,2,1.739758839,0,0,-0.38667072,TRUE,no,TRUE,TRUE,FALSE,TRUE,TRUE,FALSE,TRUE,FALSE,FALSE,TRUE
0,3,-0.796285991,0,0,-0.494391297,TRUE,no,TRUE,TRUE,FALSE,TRUE,FALSE,TRUE,TRUE,FALSE,FALSE,TRUE
1,1,0.663861032,0,0,3.932723049,FALSE,yes,TRUE,FALSE,FALSE,FALSE,FALSE,FALSE,FALSE,TRUE,FALSE,FALSE
1,2,-0.181487244,0,0,-0.437007438,FALSE,yes,TRUE,FALSE,FALSE,TRUE,TRUE,FALSE,FALSE,TRUE,FALSE,TRUE
0,3,-0.104637401,0,0,-0.336334002,TRUE,no,TRUE,TRUE,TRUE,FALSE,FALSE,TRUE,TRUE,FALSE,TRUE,FALSE
0,3,0.279611815,0,0,-0.491874461,TRUE,no,TRUE,TRUE,FALSE,TRUE,FALSE,TRUE,TRUE,FALSE,FALSE,TRUE
1,2,-1.795333954,0,1,0.016023024,FALSE,yes,FALSE,FALSE,FALSE,TRUE,TRUE,FALSE,FALSE,FALSE,FALSE,TRUE
0,3,-0.949985678,1,0,-0.506387543,TRUE,no,FALSE,TRUE,FALSE,TRUE,FALSE,TRUE,TRUE,FALSE,FALSE,TRUE
0,2,0.356461659,0,0,-0.38667072,TRUE,no,TRUE,TRUE,FALSE,TRUE,TRUE,FALSE,TRUE,FALSE,FALSE,TRUE
0,2,1.586059152,0,0,-0.38667072,TRUE,no,TRUE,TRUE,FALSE,TRUE,TRUE,FALSE,TRUE,FALSE,FALSE,TRUE
1,1,-0.181487244,1,0,0.420730236,TRUE,yes,FALSE,TRUE,FALSE,TRUE,FALSE,FALSE,TRUE,FALSE,FALSE,TRUE
0,3,-0.719436148,0,0,-0.474004926,TRUE,no,TRUE,TRUE,FALSE,TRUE,FALSE,TRUE,TRUE,FALSE,FALSE,TRUE
1,2,0.049062285,3,0,-0.225593223,FALSE,yes,FALSE,FALSE,FALSE,TRUE,TRUE,FALSE,FALSE,TRUE,FALSE,TRUE
1,3,-0.104637401,0,0,-0.492629511,FALSE,yes,TRUE,FALSE,TRUE,FALSE,FALSE,TRUE,FALSE,TRUE,TRUE,FALSE
0,2,-0.335186931,1,0,-0.124919787,TRUE,no,FALSE,TRUE,FALSE,TRUE,TRUE,FALSE,TRUE,FALSE,FALSE,TRUE
0,3,-0.335186931,1,0,-0.488854258,FALSE,no,FALSE,FALSE,FALSE,TRUE,FALSE,TRUE,FALSE,TRUE,FALSE,TRUE
1,1,-0.027787558,0,0,3.6067928,FALSE,yes,TRUE,FALSE,FALSE,TRUE,FALSE,FALSE,FALSE,TRUE,FALSE,TRUE
0,3,-1.411084738,0,0,-0.270141218,FALSE,no,TRUE,TRUE,FALSE,FALSE,FALSE,TRUE,FALSE,FALSE,FALSE,FALSE
0,2,-0.104637401,0,0,-0.648421654,TRUE,no,TRUE,TRUE,FALSE,TRUE,TRUE,FALSE,TRUE,FALSE,FALSE,TRUE
0,2,-0.488886618,0,0,-0.38667072,TRUE,no,TRUE,TRUE,FALSE,TRUE,TRUE,FALSE,TRUE,FALSE,FALSE,TRUE
0,2,-0.488886618,0,0,-0.38667072,TRUE,no,TRUE,TRUE,FALSE,TRUE,TRUE,FALSE,TRUE,FALSE,FALSE,TRUE
0,3,-0.066212479,0,0,-0.32425319,TRUE,no,TRUE,TRUE,FALSE,TRUE,FALSE,TRUE,TRUE,FALSE,FALSE,TRUE
0,3,1.432359465,1,3,0.043708218,FALSE,no,FALSE,FALSE,FALSE,TRUE,FALSE,TRUE,FALSE,TRUE,FALSE,TRUE
1,1,0.433311502,0,0,9.667166525,TRUE,yes,TRUE,TRUE,FALSE,FALSE,FALSE,FALSE,TRUE,FALSE,FALSE,FALSE
0,3,-0.104637401,0,0,-0.48944219,TRUE,no,TRUE,TRUE,FALSE,TRUE,FALSE,TRUE,TRUE,FALSE,FALSE,TRUE
0,3,-0.104637401,0,0,-0.48944219,TRUE,no,TRUE,TRUE,FALSE,TRUE,FALSE,TRUE,TRUE,FALSE,FALSE,TRUE
1,1,-0.104637401,0,0,-0.044381038,TRUE,yes,TRUE,TRUE,FALSE,TRUE,FALSE,FALSE,TRUE,FALSE,FALSE,TRUE
0,1,0.510161345,1,0,0.939198431,TRUE,no,FALSE,TRUE,FALSE,TRUE,FALSE,FALSE,TRUE,FALSE,FALSE,TRUE
1,1,-0.642586304,2,2,4.634416897,FALSE,yes,FALSE,FALSE,FALSE,FALSE,FALSE,FALSE,FALSE,TRUE,FALSE,FALSE
0,3,-0.412036774,1,0,-0.32425319,TRUE,no,FALSE,TRUE,FALSE,TRUE,FALSE,TRUE,TRUE,FALSE,FALSE,TRUE
1,3,0.125912129,0,0,-0.488854258,TRUE,yes,TRUE,TRUE,FALSE,TRUE,FALSE,TRUE,TRUE,FALSE,FALSE,TRUE
0,1,3.123056018,1,1,0.781141137,TRUE,no,FALSE,TRUE,FALSE,TRUE,FALSE,FALSE,TRUE,FALSE,FALSE,TRUE
0,3,-1.026835521,1,1,-0.240694238,TRUE,no,FALSE,TRUE,FALSE,TRUE,FALSE,TRUE,TRUE,FALSE,FALSE,TRUE
1,2,0.049062285,0,0,-0.38667072,FALSE,yes,TRUE,FALSE,FALSE,TRUE,TRUE,FALSE,FALSE,TRUE,FALSE,TRUE
0,1,-0.796285991,1,0,0.420730236,TRUE,no,FALSE,TRUE,FALSE,TRUE,FALSE,FALSE,TRUE,FALSE,FALSE,TRUE
0,3,0.125912129,0,0,-0.492377828,TRUE,no,TRUE,TRUE,TRUE,FALSE,FALSE,TRUE,TRUE,FALSE,TRUE,FALSE
1,2,-1.949033641,1,1,-0.185323848,FALSE,yes,FALSE,FALSE,FALSE,TRUE,TRUE,FALSE,FALSE,FALSE,FALSE,TRUE
1,3,-1.795333954,0,1,-0.397241431,FALSE,yes,FALSE,TRUE,FALSE,TRUE,FALSE,TRUE,FALSE,FALSE,FALSE,TRUE
0,3,0.279611815,0,0,-0.457142125,TRUE,no,TRUE,TRUE,FALSE,TRUE,FALSE,TRUE,TRUE,FALSE,FALSE,TRUE
0,3,-0.488886618,0,0,-0.48944219,TRUE,no,TRUE,TRUE,FALSE,TRUE,FALSE,TRUE,TRUE,FALSE,FALSE,TRUE
1,2,1.432359465,1,2,0.660333014,FALSE,yes,FALSE,FALSE,FALSE,TRUE,TRUE,FALSE,FALSE,TRUE,FALSE,TRUE
1,2,-2.204943619,1,1,-0.356468689,FALSE,yes,FALSE,TRUE,FALSE,TRUE,TRUE,FALSE,FALSE,FALSE,FALSE,TRUE
0,3,-0.104637401,0,0,-0.491455659,TRUE,no,TRUE,TRUE,FALSE,TRUE,FALSE,TRUE,TRUE,FALSE,FALSE,TRUE
0,2,-0.873135834,0,0,-0.416872751,TRUE,no,TRUE,TRUE,FALSE,TRUE,TRUE,FALSE,TRUE,FALSE,FALSE,TRUE
0,3,0.356461659,0,0,-0.486337422,TRUE,no,TRUE,TRUE,FALSE,TRUE,FALSE,TRUE,TRUE,FALSE,FALSE,TRUE
1,1,0.279611815,0,0,1.093228788,FALSE,yes,TRUE,FALSE,FALSE,TRUE,FALSE,FALSE,FALSE,TRUE,FALSE,TRUE
0,3,-0.104637401,0,0,-0.356468689,TRUE,no,TRUE,TRUE,FALSE,TRUE,FALSE,TRUE,TRUE,FALSE,FALSE,TRUE
0,3,0.894410562,0,0,-0.504962007,TRUE,no,TRUE,TRUE,FALSE,TRUE,FALSE,TRUE,TRUE,FALSE,FALSE,TRUE
1,3,-0.719436148,0,0,-0.502863973,TRUE,yes,TRUE,TRUE,FALSE,FALSE,FALSE,TRUE,TRUE,FALSE,FALSE,FALSE
1,1,0.510161345,1,2,1.767740809,FALSE,yes,FALSE,FALSE,FALSE,TRUE,FALSE,FALSE,FALSE,TRUE,FALSE,TRUE
0,3,-1.026835521,0,0,-0.491874461,TRUE,no,TRUE,TRUE,FALSE,TRUE,FALSE,TRUE,TRUE,FALSE,FALSE,TRUE
1,1,1.662908995,1,0,0.921244331,FALSE,yes,FALSE,FALSE,FALSE,TRUE,FALSE,FALSE,FALSE,TRUE,FALSE,TRUE
0,1,-0.104637401,0,0,0.148911959,TRUE,no,TRUE,TRUE,FALSE,FALSE,FALSE,FALSE,TRUE,FALSE,FALSE,FALSE
0,3,0.087487207,0,0,-0.492377828,FALSE,no,TRUE,FALSE,TRUE,FALSE,FALSE,TRUE,FALSE,TRUE,TRUE,FALSE
0,3,-0.104637401,1,0,-0.162168958,TRUE,no,FALSE,TRUE,TRUE,FALSE,FALSE,TRUE,TRUE,FALSE,TRUE,FALSE
0,3,0.202761972,0,0,-0.480045332,TRUE,no,TRUE,TRUE,FALSE,TRUE,FALSE,TRUE,TRUE,FALSE,FALSE,TRUE
0,3,-0.412036774,0,0,-0.457142125,TRUE,no,TRUE,TRUE,FALSE,TRUE,FALSE,TRUE,TRUE,FALSE,FALSE,TRUE
0,3,1.432359465,0,0,-0.490279793,TRUE,no,TRUE,TRUE,FALSE,TRUE,FALSE,TRUE,TRUE,FALSE,FALSE,TRUE
0,2,2.124008055,0,0,-0.437007438,FALSE,no,TRUE,FALSE,FALSE,TRUE,TRUE,FALSE,FALSE,TRUE,FALSE,TRUE
0,3,-0.104637401,0,0,-0.502948539,TRUE,no,TRUE,TRUE,FALSE,FALSE,FALSE,TRUE,TRUE,FALSE,FALSE,FALSE
1,2,1.893458525,1,3,-0.185323848,FALSE,yes,FALSE,FALSE,FALSE,TRUE,TRUE,FALSE,FALSE,TRUE,FALSE,TRUE
0,3,-0.873135834,0,0,-0.492377828,TRUE,no,TRUE,TRUE,FALSE,TRUE,FALSE,TRUE,TRUE,FALSE,FALSE,TRUE
0,3,-0.104637401,0,0,-0.492377828,TRUE,no,TRUE,TRUE,TRUE,FALSE,FALSE,TRUE,TRUE,FALSE,TRUE,FALSE
1,3,-1.872183798,0,0,-0.397241431,FALSE,yes,TRUE,FALSE,FALSE,TRUE,FALSE,TRUE,FALSE,FALSE,FALSE,TRUE
0,3,-0.104637401,0,0,-0.492629511,TRUE,no,TRUE,TRUE,TRUE,FALSE,FALSE,TRUE,TRUE,FALSE,TRUE,FALSE
1,1,1.048110249,0,1,3.6067928,FALSE,yes,FALSE,FALSE,FALSE,TRUE,FALSE,FALSE,FALSE,TRUE,FALSE,TRUE
1,3,-1.257385051,0,0,-0.502863973,FALSE,yes,TRUE,FALSE,FALSE,FALSE,FALSE,TRUE,FALSE,FALSE,FALSE,FALSE
1,1,-0.949985678,1,0,0.499255516,FALSE,yes,FALSE,FALSE,FALSE,TRUE,FALSE,FALSE,FALSE,TRUE,FALSE,TRUE
0,1,-0.027787558,0,0,-0.044381038,TRUE,no,TRUE,TRUE,FALSE,TRUE,FALSE,FALSE,TRUE,FALSE,FALSE,TRUE
0,3,-0.104637401,1,2,-0.176263239,TRUE,no,FALSE,TRUE,FALSE,TRUE,FALSE,TRUE,TRUE,FALSE,FALSE,TRUE
0,3,-0.335186931,0,0,-0.506472109,TRUE,no,TRUE,TRUE,FALSE,TRUE,FALSE,TRUE,TRUE,FALSE,FALSE,TRUE
0,3,-0.335186931,0,0,-0.502445171,TRUE,no,TRUE,TRUE,FALSE,TRUE,FALSE,TRUE,TRUE,FALSE,FALSE,TRUE
1,3,-0.873135834,0,0,-0.497496065,FALSE,yes,TRUE,FALSE,FALSE,TRUE,FALSE,TRUE,FALSE,TRUE,FALSE,TRUE
0,3,-1.641634268,4,1,-0.061998889,FALSE,no,FALSE,TRUE,TRUE,FALSE,FALSE,TRUE,FALSE,FALSE,TRUE,FALSE
1,3,-2.179583171,1,2,-0.234150465,FALSE,yes,FALSE,TRUE,FALSE,TRUE,FALSE,TRUE,FALSE,FALSE,FALSE,TRUE
0,1,1.278659779,0,0,0.946245572,TRUE,no,TRUE,TRUE,FALSE,FALSE,FALSE,FALSE,TRUE,FALSE,FALSE,FALSE
0,3,-0.104637401,0,0,-0.492377828,TRUE,no,TRUE,TRUE,TRUE,FALSE,FALSE,TRUE,TRUE,FALSE,TRUE,FALSE
0,2,-1.026835521,0,0,-0.124919787,TRUE,no,TRUE,TRUE,FALSE,TRUE,TRUE,FALSE,TRUE,FALSE,FALSE,TRUE
0,3,-0.104637401,8,2,0.75194584,FALSE,no,FALSE,FALSE,FALSE,TRUE,FALSE,TRUE,FALSE,TRUE,FALSE,TRUE
0,1,-0.104637401,0,0,-0.030371323,TRUE,no,TRUE,TRUE,FALSE,FALSE,FALSE,FALSE,TRUE,FALSE,FALSE,FALSE
0,3,-0.335186931,0,0,-0.48944219,TRUE,no,TRUE,TRUE,FALSE,TRUE,FALSE,TRUE,TRUE,FALSE,FALSE,TRUE
0,2,0.740710875,0,0,-0.38667072,TRUE,no,TRUE,TRUE,FALSE,TRUE,TRUE,FALSE,TRUE,FALSE,FALSE,TRUE
1,1,1.509209309,0,0,-0.126345323,FALSE,yes,TRUE,FALSE,FALSE,TRUE,FALSE,FALSE,FALSE,TRUE,FALSE,TRUE
1,3,0.125912129,0,0,-0.473586124,FALSE,yes,TRUE,FALSE,FALSE,TRUE,FALSE,TRUE,FALSE,TRUE,FALSE,TRUE
0,3,0.049062285,0,0,-0.502863973,TRUE,no,TRUE,TRUE,FALSE,FALSE,FALSE,TRUE,TRUE,FALSE,FALSE,FALSE
0,3,0.049062285,1,1,-0.162168958,FALSE,no,FALSE,FALSE,FALSE,TRUE,FALSE,TRUE,FALSE,TRUE,FALSE,TRUE
0,2,0.356461659,0,0,-0.38667072,TRUE,no,TRUE,TRUE,FALSE,TRUE,TRUE,FALSE,TRUE,FALSE,FALSE,TRUE
1,2,0.125912129,1,1,-0.119886115,FALSE,yes,FALSE,FALSE,FALSE,TRUE,TRUE,FALSE,FALSE,TRUE,FALSE,TRUE
1,1,-1.411084738,1,2,1.767740809,FALSE,yes,FALSE,TRUE,FALSE,TRUE,FALSE,FALSE,FALSE,FALSE,FALSE,TRUE
1,3,-2.22415608,0,1,-0.476940563,FALSE,yes,FALSE,TRUE,FALSE,FALSE,FALSE,TRUE,FALSE,FALSE,FALSE,FALSE
1,3,-0.181487244,0,0,-0.50798221,TRUE,yes,TRUE,TRUE,FALSE,TRUE,FALSE,TRUE,TRUE,FALSE,FALSE,TRUE
0,3,0.125912129,0,0,-0.491874461,TRUE,no,TRUE,TRUE,FALSE,TRUE,FALSE,TRUE,TRUE,FALSE,FALSE,TRUE
0,1,0.740710875,0,0,-0.648421654,TRUE,no,TRUE,TRUE,FALSE,TRUE,FALSE,FALSE,TRUE,FALSE,FALSE,TRUE
0,3,-0.873135834,0,0,-0.491874461,FALSE,no,TRUE,FALSE,FALSE,TRUE,FALSE,TRUE,FALSE,TRUE,FALSE,TRUE
0,2,0.740710875,0,0,-0.38667072,TRUE,no,TRUE,TRUE,FALSE,TRUE,TRUE,FALSE,TRUE,FALSE,FALSE,TRUE
1,1,0.279611815,1,0,0.420730236,FALSE,yes,FALSE,FALSE,FALSE,TRUE,FALSE,FALSE,FALSE,TRUE,FALSE,TRUE
0,3,-0.258337088,0,0,-0.489609308,TRUE,no,TRUE,TRUE,FALSE,TRUE,FALSE,TRUE,TRUE,FALSE,FALSE,TRUE
0,3,0.740710875,0,0,-0.162168958,TRUE,no,TRUE,TRUE,FALSE,TRUE,FALSE,TRUE,TRUE,FALSE,FALSE,TRUE
0,2,0.433311502,0,0,-0.437007438,TRUE,no,TRUE,TRUE,FALSE,TRUE,TRUE,FALSE,TRUE,FALSE,FALSE,TRUE
0,3,-1.795333954,4,2,-0.018709312,FALSE,no,FALSE,FALSE,FALSE,TRUE,FALSE,TRUE,FALSE,FALSE,FALSE,TRUE
0,3,0.087487207,0,0,-0.486337422,TRUE,no,TRUE,TRUE,FALSE,TRUE,FALSE,TRUE,TRUE,FALSE,FALSE,TRUE
0,1,-0.104637401,0,0,-0.648421654,TRUE,no,TRUE,TRUE,FALSE,TRUE,FALSE,FALSE,TRUE,FALSE,FALSE,TRUE
0,3,-0.488886618,0,0,-0.488854258,FALSE,no,TRUE,FALSE,FALSE,TRUE,FALSE,TRUE,FALSE,TRUE,FALSE,TRUE
0,2,0.125912129,1,1,0.096646338,TRUE,no,FALSE,TRUE,FALSE,FALSE,TRUE,FALSE,TRUE,FALSE,FALSE,FALSE
0,3,1.048110249,0,0,-0.518552921,TRUE,no,TRUE,TRUE,FALSE,TRUE,FALSE,TRUE,TRUE,FALSE,FALSE,TRUE
0,3,-1.487934581,3,2,-0.086663881,FALSE,no,FALSE,TRUE,FALSE,TRUE,FALSE,TRUE,FALSE,FALSE,FALSE,TRUE
1,1,1.739758839,1,1,1.234171598,FALSE,yes,FALSE,FALSE,FALSE,TRUE,FALSE,FALSE,FALSE,TRUE,FALSE,TRUE
1,3,-0.181487244,0,0,-0.474004926,TRUE,yes,TRUE,TRUE,FALSE,TRUE,FALSE,TRUE,TRUE,FALSE,FALSE,TRUE
0,1,0.663861032,0,0,-0.648421654,TRUE,no,TRUE,TRUE,FALSE,TRUE,FALSE,FALSE,TRUE,FALSE,FALSE,TRUE
1,3,-0.181487244,0,1,-0.397241431,FALSE,yes,FALSE,FALSE,FALSE,TRUE,FALSE,TRUE,FALSE,TRUE,FALSE,TRUE
0,3,-2.102733328,4,1,0.150673744,FALSE,no,FALSE,TRUE,FALSE,TRUE,FALSE,TRUE,FALSE,FALSE,FALSE,TRUE
0,3,-0.104637401,0,0,-0.508485578,TRUE,no,TRUE,TRUE,TRUE,FALSE,FALSE,TRUE,TRUE,FALSE,TRUE,FALSE
0,3,-0.104637401,0,0,0.489103607,TRUE,no,TRUE,TRUE,FALSE,TRUE,FALSE,TRUE,TRUE,FALSE,FALSE,TRUE
1,2,-2.179583171,0,2,0.096646338,FALSE,yes,FALSE,TRUE,FALSE,FALSE,TRUE,FALSE,FALSE,FALSE,FALSE,FALSE
1,3,-0.104637401,0,0,-0.492377828,TRUE,yes,TRUE,TRUE,TRUE,FALSE,FALSE,TRUE,TRUE,FALSE,TRUE,FALSE
1,1,2.508257272,0,0,0.962353321,FALSE,yes,TRUE,FALSE,FALSE,TRUE,FALSE,FALSE,FALSE,TRUE,FALSE,TRUE
1,3,-1.103685364,1,0,-0.357390858,FALSE,yes,FALSE,FALSE,FALSE,FALSE,FALSE,TRUE,FALSE,FALSE,FALSE,FALSE
1,2,-2.192647644,1,1,-0.270896269,FALSE,yes,FALSE,TRUE,FALSE,TRUE,TRUE,FALSE,FALSE,FALSE,FALSE,TRUE
0,3,-0.104637401,0,0,-0.502863973,TRUE,no,TRUE,TRUE,FALSE,FALSE,FALSE,TRUE,TRUE,FALSE,FALSE,FALSE
0,3,-0.488886618,0,0,-0.490279793,TRUE,no,TRUE,TRUE,FALSE,TRUE,FALSE,TRUE,TRUE,FALSE,FALSE,TRUE
0,3,-0.873135834,0,0,-0.48130375,TRUE,no,TRUE,TRUE,FALSE,TRUE,FALSE,TRUE,TRUE,FALSE,FALSE,TRUE
1,1,0.740710875,1,1,1.025944704,FALSE,yes,FALSE,FALSE,FALSE,FALSE,FALSE,FALSE,FALSE,TRUE,FALSE,FALSE
0,3,-0.642586304,0,0,-0.474004926,TRUE,no,TRUE,TRUE,FALSE,TRUE,FALSE,TRUE,TRUE,FALSE,FALSE,TRUE
0,3,-0.104637401,0,0,-0.486337422,TRUE,no,TRUE,TRUE,FALSE,TRUE,FALSE,TRUE,TRUE,FALSE,FALSE,TRUE
1,3,0.202761972,0,0,0.489103607,TRUE,yes,TRUE,TRUE,FALSE,TRUE,FALSE,TRUE,TRUE,FALSE,FALSE,TRUE
1,1,-0.104637401,0,0,-0.050421444,TRUE,yes,TRUE,TRUE,FALSE,FALSE,FALSE,FALSE,TRUE,FALSE,FALSE,FALSE
0,3,-0.719436148,0,0,-0.488854258,TRUE,no,TRUE,TRUE,FALSE,TRUE,FALSE,TRUE,TRUE,FALSE,FALSE,TRUE
0,2,-1.026835521,0,0,-0.437007438,TRUE,no,TRUE,TRUE,FALSE,TRUE,TRUE,FALSE,TRUE,FALSE,FALSE,TRUE
1,1,0.049062285,0,0,-0.024246351,FALSE,yes,TRUE,FALSE,FALSE,FALSE,FALSE,FALSE,FALSE,TRUE,FALSE,FALSE
0,3,0.39488658,0,0,-0.518804605,TRUE,no,TRUE,TRUE,FALSE,FALSE,FALSE,TRUE,TRUE,FALSE,FALSE,FALSE
0,3,-0.949985678,0,0,-0.474004926,TRUE,no,TRUE,TRUE,FALSE,TRUE,FALSE,TRUE,TRUE,FALSE,FALSE,TRUE
0,3,0.971260405,0,0,-0.496404765,TRUE,no,TRUE,TRUE,FALSE,TRUE,FALSE,TRUE,TRUE,FALSE,FALSE,TRUE
0,3,-0.104637401,8,2,0.75194584,TRUE,no,FALSE,TRUE,FALSE,TRUE,FALSE,TRUE,TRUE,FALSE,FALSE,TRUE
0,3,0.433311502,0,0,-0.48944219,TRUE,no,TRUE,TRUE,FALSE,FALSE,FALSE,TRUE,TRUE,FALSE,FALSE,FALSE
0,2,-0.104637401,0,1,0.016023024,TRUE,no,FALSE,TRUE,FALSE,TRUE,TRUE,FALSE,TRUE,FALSE,FALSE,TRUE
1,1,-0.104637401,1,0,1.14566354,FALSE,yes,FALSE,FALSE,FALSE,FALSE,FALSE,FALSE,FALSE,TRUE,FALSE,FALSE
0,3,-1.949033641,4,2,-0.018709312,FALSE,no,FALSE,TRUE,FALSE,TRUE,FALSE,TRUE,FALSE,FALSE,FALSE,TRUE
0,3,3.430455392,0,0,-0.491874461,TRUE,no,TRUE,TRUE,FALSE,TRUE,FALSE,TRUE,TRUE,FALSE,FALSE,TRUE
0,3,-1.564784424,1,1,-0.34145224,FALSE,no,FALSE,FALSE,FALSE,FALSE,FALSE,TRUE,FALSE,FALSE,FALSE,FALSE
1,1,-1.026835521,0,1,0.144885022,FALSE,yes,FALSE,FALSE,FALSE,TRUE,FALSE,FALSE,FALSE,TRUE,FALSE,TRUE
0,2,1.124960092,1,0,-0.124919787,FALSE,no,FALSE,FALSE,FALSE,TRUE,TRUE,FALSE,FALSE,TRUE,FALSE,TRUE
1,3,-0.873135834,0,1,-0.460162328,FALSE,yes,FALSE,FALSE,FALSE,TRUE,FALSE,TRUE,FALSE,TRUE,FALSE,TRUE
1,1,1.201809935,1,1,2.671117778,FALSE,yes,FALSE,FALSE,FALSE,TRUE,FALSE,FALSE,FALSE,TRUE,FALSE,TRUE
1,1,1.662908995,0,0,-0.113845709,TRUE,yes,TRUE,TRUE,FALSE,TRUE,FALSE,FALSE,TRUE,FALSE,FALSE,TRUE
1,3,-0.412036774,0,3,-0.260661807,FALSE,yes,FALSE,FALSE,FALSE,FALSE,FALSE,TRUE,FALSE,TRUE,FALSE,FALSE
0,3,-0.104637401,0,0,-0.502863973,TRUE,no,TRUE,TRUE,FALSE,FALSE,FALSE,TRUE,TRUE,FALSE,FALSE,FALSE
0,3,0.894410562,2,0,-0.364355446,TRUE,no,FALSE,TRUE,FALSE,TRUE,FALSE,TRUE,TRUE,FALSE,FALSE,TRUE
0,2,-0.642586304,1,0,-0.416872751,TRUE,no,FALSE,TRUE,FALSE,TRUE,TRUE,FALSE,TRUE,FALSE,FALSE,TRUE
1,1,1.432359465,0,0,-0.126345323,FALSE,yes,TRUE,FALSE,FALSE,TRUE,FALSE,FALSE,FALSE,TRUE,FALSE,TRUE
0,3,-0.104637401,8,2,0.75194584,FALSE,no,FALSE,FALSE,FALSE,TRUE,FALSE,TRUE,FALSE,TRUE,FALSE,TRUE
0,2,-0.412036774,0,0,-0.38667072,TRUE,no,TRUE,TRUE,FALSE,TRUE,TRUE,FALSE,TRUE,FALSE,FALSE,TRUE
1,2,0.971260405,0,0,-0.38667072,FALSE,yes,TRUE,FALSE,FALSE,TRUE,TRUE,FALSE,FALSE,TRUE,FALSE,TRUE
1,2,-0.181487244,1,0,-0.369389118,FALSE,yes,FALSE,FALSE,FALSE,FALSE,TRUE,FALSE,FALSE,TRUE,FALSE,FALSE
0,1,0.125912129,0,0,0.368295484,TRUE,no,TRUE,TRUE,FALSE,TRUE,FALSE,FALSE,TRUE,FALSE,FALSE,TRUE
0,3,-0.104637401,0,0,-0.457142125,TRUE,no,TRUE,TRUE,FALSE,TRUE,FALSE,TRUE,TRUE,FALSE,FALSE,TRUE
1,3,-1.949033641,1,1,-0.424256141,FALSE,yes,FALSE,TRUE,FALSE,TRUE,FALSE,TRUE,FALSE,FALSE,FALSE,TRUE
0,3,-0.258337088,0,0,-0.48944219,TRUE,no,TRUE,TRUE,FALSE,TRUE,FALSE,TRUE,TRUE,FALSE,FALSE,TRUE
1,1,1.355509622,1,1,0.409740724,FALSE,yes,FALSE,FALSE,FALSE,TRUE,FALSE,FALSE,FALSE,TRUE,FALSE,TRUE
0,1,0.279611815,0,0,-0.547748218,TRUE,no,TRUE,TRUE,FALSE,TRUE,FALSE,FALSE,TRUE,FALSE,FALSE,TRUE
0,3,1.355509622,0,0,-0.467209469,TRUE,no,TRUE,TRUE,FALSE,TRUE,FALSE,TRUE,TRUE,FALSE,FALSE,TRUE
1,2,-0.104637401,1,0,-0.165189161,FALSE,yes,FALSE,FALSE,FALSE,FALSE,TRUE,FALSE,FALSE,TRUE,FALSE,FALSE
1,3,-1.103685364,0,0,-0.502948539,FALSE,yes,TRUE,FALSE,FALSE,FALSE,FALSE,TRUE,FALSE,FALSE,FALSE,FALSE
0,3,-0.719436148,0,0,-0.45017955,TRUE,no,TRUE,TRUE,FALSE,TRUE,FALSE,TRUE,TRUE,FALSE,FALSE,TRUE
0,3,-0.796285991,0,0,-0.48944219,TRUE,no,TRUE,TRUE,FALSE,TRUE,FALSE,TRUE,TRUE,FALSE,FALSE,TRUE
0,3,-0.104637401,0,0,-0.48944219,TRUE,no,TRUE,TRUE,FALSE,TRUE,FALSE,TRUE,TRUE,FALSE,FALSE,TRUE
1,1,2.047158212,0,1,1.025944704,FALSE,yes,FALSE,FALSE,FALSE,FALSE,FALSE,FALSE,FALSE,TRUE,FALSE,FALSE
1,2,-0.335186931,0,1,-0.124919787,FALSE,yes,FALSE,FALSE,FALSE,TRUE,TRUE,FALSE,FALSE,TRUE,FALSE,TRUE
0,3,0.279611815,0,0,-0.48944219,TRUE,no,TRUE,TRUE,FALSE,TRUE,FALSE,TRUE,TRUE,FALSE,FALSE,TRUE
0,3,-0.565736461,0,0,-0.436671189,FALSE,no,TRUE,FALSE,FALSE,TRUE,FALSE,TRUE,FALSE,TRUE,FALSE,TRUE
0,2,-0.104637401,0,0,-0.437007438,TRUE,no,TRUE,TRUE,FALSE,TRUE,TRUE,FALSE,TRUE,FALSE,FALSE,TRUE
0,3,-0.335186931,0,0,-0.506472109,TRUE,no,TRUE,TRUE,FALSE,TRUE,FALSE,TRUE,TRUE,FALSE,FALSE,TRUE
0,3,0.740710875,0,5,-0.061998889,FALSE,no,FALSE,FALSE,TRUE,FALSE,FALSE,TRUE,FALSE,TRUE,TRUE,FALSE
0,2,-0.181487244,0,0,-0.38667072,TRUE,no,TRUE,TRUE,FALSE,TRUE,TRUE,FALSE,TRUE,FALSE,FALSE,TRUE
1,1,-0.796285991,0,0,-0.044381038,FALSE,yes,TRUE,FALSE,FALSE,TRUE,FALSE,FALSE,FALSE,TRUE,FALSE,TRUE
0,3,-0.104637401,1,2,-0.176263239,FALSE,no,FALSE,FALSE,FALSE,TRUE,FALSE,TRUE,FALSE,TRUE,FALSE,TRUE
1,1,-0.258337088,0,0,-0.044381038,TRUE,yes,TRUE,TRUE,FALSE,FALSE,FALSE,FALSE,TRUE,FALSE,FALSE,FALSE
0,3,0.202761972,0,0,-0.492377828,TRUE,no,TRUE,TRUE,TRUE,FALSE,FALSE,TRUE,TRUE,FALSE,TRUE,FALSE
